0,1,2,3,4,5,6,7,8,9,10,11,12,13,14,15,16,17,18,19,20,21,22
137,87,442,443,159,695,0,0,0,0,0,0,0,0,0,0,0,0,0,0,0,0,0
4,19,21,188,0,0,0,0,0,0,0,0,0,0,0,0,0,0,0,0,0,0,0
2,320,0,0,0,0,0,0,0,0,0,0,0,0,0,0,0,0,0,0,0,0,0
696,37,321,444,697,698,75,0,0,0,0,0,0,0,0,0,0,0,0,0,0,0,0
250,2,0,0,0,0,0,0,0,0,0,0,0,0,0,0,0,0,0,0,0,0,0
699,87,29,251,76,29,252,77,0,0,0,0,0,0,0,0,0,0,0,0,0,0,0
138,700,138,701,322,702,703,253,11,11,0,0,0,0,0,0,0,0,0,0,0,0,0
189,704,52,254,0,0,0,0,0,0,0,0,0,0,0,0,0,0,0,0,0,0,0
705,139,445,38,0,0,0,0,0,0,0,0,0,0,0,0,0,0,0,0,0,0,0
56,38,22,0,0,0,0,0,0,0,0,0,0,0,0,0,0,0,0,0,0,0,0
12,6,2,0,0,0,0,0,0,0,0,0,0,0,0,0,0,0,0,0,0,0,0
101,160,190,9,446,9,0,0,0,0,0,0,0,0,0,0,0,0,0,0,0,0,0
57,706,707,708,709,191,447,710,323,711,12,7,0,0,0,0,0,0,0,0,0,0,0
4,6,324,0,0,0,0,0,0,0,0,0,0,0,0,0,0,0,0,0,0,0,0
88,712,16,92,255,102,46,0,0,0,0,0,0,0,0,0,0,0,0,0,0,0,0
103,24,11,256,448,1,0,0,0,0,0,0,0,0,0,0,0,0,0,0,0,0,0
449,325,713,0,0,0,0,0,0,0,0,0,0,0,0,0,0,0,0,0,0,0,0
63,4,0,0,0,0,0,0,0,0,0,0,0,0,0,0,0,0,0,0,0,0,0
8,2,0,0,0,0,0,0,0,0,0,0,0,0,0,0,0,0,0,0,0,0,0
714,257,137,89,715,78,716,15,117,0,0,0,0,0,0,0,0,0,0,0,0,0,0
140,64,10,450,717,718,25,29,326,0,0,0,0,0,0,0,0,0,0,0,0,0,0
47,13,719,451,258,720,0,0,0,0,0,0,0,0,0,0,0,0,0,0,0,0,0
721,722,0,0,0,0,0,0,0,0,0,0,0,0,0,0,0,0,0,0,0,0,0
327,452,34,9,57,259,10,192,104,118,193,0,0,0,0,0,0,0,0,0,0,0,0
47,723,65,9,0,0,0,0,0,0,0,0,0,0,0,0,0,0,0,0,0,0,0
2,328,329,1,724,0,0,0,0,0,0,0,0,0,0,0,0,0,0,0,0,0,0
20,453,1,725,105,139,10,27,454,1,20,0,0,0,0,0,0,0,0,0,0,0,0
3,93,260,330,194,0,0,0,0,0,0,0,0,0,0,0,0,0,0,0,0,0,0
94,726,79,119,455,727,119,1,0,0,0,0,0,0,0,0,0,0,0,0,0,0,0
3,195,66,0,0,0,0,0,0,0,0,0,0,0,0,0,0,0,0,0,0,0,0
161,120,1,13,728,729,0,0,0,0,0,0,0,0,0,0,0,0,0,0,0,0,0
5,730,94,18,731,162,732,0,0,0,0,0,0,0,0,0,0,0,0,0,0,0,0
456,733,43,734,735,0,0,0,0,0,0,0,0,0,0,0,0,0,0,0,0,0,0
57,121,261,736,262,1,0,0,0,0,0,0,0,0,0,0,0,0,0,0,0,0,0
43,37,14,737,37,331,80,196,122,452,738,739,0,0,0,0,0,0,0,0,0,0,0
163,457,197,740,29,1,458,22,48,198,741,81,742,0,0,0,0,0,0,0,0,0,0
263,14,0,0,0,0,0,0,0,0,0,0,0,0,0,0,0,0,0,0,0,0,0
53,119,22,264,0,0,0,0,0,0,0,0,0,0,0,0,0,0,0,0,0,0,0
19,2,8,67,743,0,0,0,0,0,0,0,0,0,0,0,0,0,0,0,0,0,0
332,5,0,0,0,0,0,0,0,0,0,0,0,0,0,0,0,0,0,0,0,0,0
2,82,333,744,745,30,83,2,164,6,0,0,0,0,0,0,0,0,0,0,0,0,0
101,5,0,0,0,0,0,0,0,0,0,0,0,0,0,0,0,0,0,0,0,0,0
30,7,199,76,0,0,0,0,0,0,0,0,0,0,0,0,0,0,0,0,0,0,0
79,746,141,0,0,0,0,0,0,0,0,0,0,0,0,0,0,0,0,0,0,0,0
21,44,7,0,0,0,0,0,0,0,0,0,0,0,0,0,0,0,0,0,0,0,0
334,165,0,0,0,0,0,0,0,0,0,0,0,0,0,0,0,0,0,0,0,0,0
76,747,748,749,39,9,0,0,0,0,0,0,0,0,0,0,0,0,0,0,0,0,0
750,106,459,142,68,460,107,57,104,0,0,0,0,0,0,0,0,0,0,0,0,0,0
19,265,14,58,0,0,0,0,0,0,0,0,0,0,0,0,0,0,0,0,0,0,0
95,9,0,0,0,0,0,0,0,0,0,0,0,0,0,0,0,0,0,0,0,0,0
166,69,3,198,18,0,0,0,0,0,0,0,0,0,0,0,0,0,0,0,0,0,0
4,335,80,1,751,0,0,0,0,0,0,0,0,0,0,0,0,0,0,0,0,0,0
752,266,267,461,462,753,754,755,336,756,757,0,0,0,0,0,0,0,0,0,0,0,0
1,96,200,20,122,463,75,0,0,0,0,0,0,0,0,0,0,0,0,0,0,0,0
35,70,0,0,0,0,0,0,0,0,0,0,0,0,0,0,0,0,0,0,0,0,0
108,67,758,23,759,0,0,0,0,0,0,0,0,0,0,0,0,0,0,0,0,0,0
95,0,0,0,0,0,0,0,0,0,0,0,0,0,0,0,0,0,0,0,0,0,0
45,142,1,760,761,762,337,59,8,2,0,0,0,0,0,0,0,0,0,0,0,0,0
54,338,763,11,459,12,6,167,0,0,0,0,0,0,0,0,0,0,0,0,0,0,0
123,60,0,0,0,0,0,0,0,0,0,0,0,0,0,0,0,0,0,0,0,0,0
464,465,764,10,466,268,0,0,0,0,0,0,0,0,0,0,0,0,0,0,0,0,0
26,24,765,143,97,30,766,109,0,0,0,0,0,0,0,0,0,0,0,0,0,0,0
168,2,169,93,339,27,71,20,58,117,138,121,340,0,0,0,0,0,0,0,0,0,0
39,201,1,0,0,0,0,0,0,0,0,0,0,0,0,0,0,0,0,0,0,0,0
195,1,467,767,468,79,469,0,0,0,0,0,0,0,0,0,0,0,0,0,0,0,0
11,144,768,769,269,123,1,10,341,470,471,770,771,772,472,337,0,0,0,0,0,0,0
202,270,773,774,473,0,0,0,0,0,0,0,0,0,0,0,0,0,0,0,0,0,0
203,46,145,110,474,146,137,475,0,0,0,0,0,0,0,0,0,0,0,0,0,0,0
2,775,0,0,0,0,0,0,0,0,0,0,0,0,0,0,0,0,0,0,0,0,0
72,2,138,776,0,0,0,0,0,0,0,0,0,0,0,0,0,0,0,0,0,0,0
250,3,17,0,0,0,0,0,0,0,0,0,0,0,0,0,0,0,0,0,0,0,0
45,777,197,476,778,477,342,779,780,478,0,0,0,0,0,0,0,0,0,0,0,0,0
2,343,0,0,0,0,0,0,0,0,0,0,0,0,0,0,0,0,0,0,0,0,0
30,479,480,344,17,0,0,0,0,0,0,0,0,0,0,0,0,0,0,0,0,0,0
345,1,0,0,0,0,0,0,0,0,0,0,0,0,0,0,0,0,0,0,0,0,0
35,5,0,0,0,0,0,0,0,0,0,0,0,0,0,0,0,0,0,0,0,0,0
39,481,52,781,482,481,0,0,0,0,0,0,0,0,0,0,0,0,0,0,0,0,0
2,120,40,0,0,0,0,0,0,0,0,0,0,0,0,0,0,0,0,0,0,0,0
35,1,483,111,334,0,0,0,0,0,0,0,0,0,0,0,0,0,0,0,0,0,0
271,170,31,104,346,90,0,0,0,0,0,0,0,0,0,0,0,0,0,0,0,0,0
110,782,272,14,0,0,0,0,0,0,0,0,0,0,0,0,0,0,0,0,0,0,0
4,273,0,0,0,0,0,0,0,0,0,0,0,0,0,0,0,0,0,0,0,0,0
14,347,204,22,8,783,0,0,0,0,0,0,0,0,0,0,0,0,0,0,0,0,0
9,784,205,0,0,0,0,0,0,0,0,0,0,0,0,0,0,0,0,0,0,0,0
40,36,2,124,484,105,13,0,0,0,0,0,0,0,0,0,0,0,0,0,0,0,0
145,49,13,325,485,0,0,0,0,0,0,0,0,0,0,0,0,0,0,0,0,0,0
1,8,2,0,0,0,0,0,0,0,0,0,0,0,0,0,0,0,0,0,0,0,0
348,145,53,0,0,0,0,0,0,0,0,0,0,0,0,0,0,0,0,0,0,0,0
5,21,8,41,106,11,785,486,0,0,0,0,0,0,0,0,0,0,0,0,0,0,0
1,786,349,0,0,0,0,0,0,0,0,0,0,0,0,0,0,0,0,0,0,0,0
5,487,84,11,206,17,63,41,787,350,70,0,0,0,0,0,0,0,0,0,0,0,0
58,200,0,0,0,0,0,0,0,0,0,0,0,0,0,0,0,0,0,0,0,0,0
36,2,0,0,0,0,0,0,0,0,0,0,0,0,0,0,0,0,0,0,0,0,0
16,788,488,489,11,16,0,0,0,0,0,0,0,0,0,0,0,0,0,0,0,0,0
351,56,38,52,0,0,0,0,0,0,0,0,0,0,0,0,0,0,0,0,0,0,0
274,0,0,0,0,0,0,0,0,0,0,0,0,0,0,0,0,0,0,0,0,0,0
352,13,43,465,0,0,0,0,0,0,0,0,0,0,0,0,0,0,0,0,0,0,0
125,5,789,144,0,0,0,0,0,0,0,0,0,0,0,0,0,0,0,0,0,0,0
27,20,125,63,98,20,126,31,790,11,27,6,791,14,350,85,0,0,0,0,0,0,0
32,95,353,0,0,0,0,0,0,0,0,0,0,0,0,0,0,0,0,0,0,0,0
792,793,64,189,1,0,0,0,0,0,0,0,0,0,0,0,0,0,0,0,0,0,0
490,491,25,794,38,76,795,0,0,0,0,0,0,0,0,0,0,0,0,0,0,0,0
207,273,0,0,0,0,0,0,0,0,0,0,0,0,0,0,0,0,0,0,0,0,0
23,4,275,208,4,71,0,0,0,0,0,0,0,0,0,0,0,0,0,0,0,0,0
171,796,34,64,797,798,354,1,37,0,0,0,0,0,0,0,0,0,0,0,0,0,0
492,799,82,30,209,33,109,800,18,172,493,0,0,0,0,0,0,0,0,0,0,0,0
10,494,88,495,443,32,85,801,3,93,19,0,0,0,0,0,0,0,0,0,0,0,0
35,802,7,50,803,44,7,2,55,4,16,73,46,86,0,0,0,0,0,0,0,0,0
82,496,804,497,805,806,807,808,355,14,809,810,210,498,0,0,0,0,0,0,0,0,0
811,43,37,17,0,0,0,0,0,0,0,0,0,0,0,0,0,0,0,0,0,0,0
12,6,167,21,13,7,99,211,499,211,13,7,99,31,0,0,0,0,0,0,0,0,0
1,500,127,356,345,0,0,0,0,0,0,0,0,0,0,0,0,0,0,0,0,0,0
120,812,93,333,501,813,357,814,501,76,9,815,502,816,276,19,0,0,0,0,0,0,0
2,5,277,208,0,0,0,0,0,0,0,0,0,0,0,0,0,0,0,0,0,0,0
258,2,0,0,0,0,0,0,0,0,0,0,0,0,0,0,0,0,0,0,0,0,0
266,30,817,503,818,819,61,1,504,505,0,0,0,0,0,0,0,0,0,0,0,0,0
74,1,173,167,358,32,147,506,0,0,0,0,0,0,0,0,0,0,0,0,0,0,0
46,16,0,0,0,0,0,0,0,0,0,0,0,0,0,0,0,0,0,0,0,0,0
820,442,0,0,0,0,0,0,0,0,0,0,0,0,0,0,0,0,0,0,0,0,0
359,25,3,821,0,0,0,0,0,0,0,0,0,0,0,0,0,0,0,0,0,0,0
20,126,138,201,360,61,1,128,11,48,11,20,125,91,16,278,0,0,0,0,0,0,0
25,29,212,69,174,0,0,0,0,0,0,0,0,0,0,0,0,0,0,0,0,0,0
822,213,71,0,0,0,0,0,0,0,0,0,0,0,0,0,0,0,0,0,0,0,0
60,6,0,0,0,0,0,0,0,0,0,0,0,0,0,0,0,0,0,0,0,0,0
146,214,507,0,0,0,0,0,0,0,0,0,0,0,0,0,0,0,0,0,0,0,0
2,141,0,0,0,0,0,0,0,0,0,0,0,0,0,0,0,0,0,0,0,0,0
508,28,60,0,0,0,0,0,0,0,0,0,0,0,0,0,0,0,0,0,0,0,0
17,61,1,87,361,37,0,0,0,0,0,0,0,0,0,0,0,0,0,0,0,0,0
20,44,215,26,18,0,0,0,0,0,0,0,0,0,0,0,0,0,0,0,0,0,0
362,7,823,0,0,0,0,0,0,0,0,0,0,0,0,0,0,0,0,0,0,0,0
129,3,45,824,363,51,0,0,0,0,0,0,0,0,0,0,0,0,0,0,0,0,0
825,148,364,826,0,0,0,0,0,0,0,0,0,0,0,0,0,0,0,0,0,0,0
7,8,2,347,827,365,828,0,0,0,0,0,0,0,0,0,0,0,0,0,0,0,0
829,24,0,0,0,0,0,0,0,0,0,0,0,0,0,0,0,0,0,0,0,0,0
490,149,509,0,0,0,0,0,0,0,0,0,0,0,0,0,0,0,0,0,0,0,0
830,510,366,145,367,0,0,0,0,0,0,0,0,0,0,0,0,0,0,0,0,0,0
4,511,23,0,0,0,0,0,0,0,0,0,0,0,0,0,0,0,0,0,0,0,0
7,8,831,0,0,0,0,0,0,0,0,0,0,0,0,0,0,0,0,0,0,0,0
512,363,142,368,832,368,833,0,0,0,0,0,0,0,0,0,0,0,0,0,0,0,0
130,513,514,0,0,0,0,0,0,0,0,0,0,0,0,0,0,0,0,0,0,0,0
56,0,0,0,0,0,0,0,0,0,0,0,0,0,0,0,0,0,0,0,0,0,0
138,201,31,834,68,515,150,369,370,150,259,0,0,0,0,0,0,0,0,0,0,0,0
54,40,0,0,0,0,0,0,0,0,0,0,0,0,0,0,0,0,0,0,0,0,0
95,0,0,0,0,0,0,0,0,0,0,0,0,0,0,0,0,0,0,0,0,0,0
1,516,371,66,18,31,150,216,517,0,0,0,0,0,0,0,0,0,0,0,0,0,0
74,1,835,836,32,372,0,0,0,0,0,0,0,0,0,0,0,0,0,0,0,0,0
56,22,0,0,0,0,0,0,0,0,0,0,0,0,0,0,0,0,0,0,0,0,0
55,53,0,0,0,0,0,0,0,0,0,0,0,0,0,0,0,0,0,0,0,0,0
837,518,331,373,331,0,0,0,0,0,0,0,0,0,0,0,0,0,0,0,0,0,0
197,105,112,140,172,838,0,0,0,0,0,0,0,0,0,0,0,0,0,0,0,0,0
519,0,0,0,0,0,0,0,0,0,0,0,0,0,0,0,0,0,0,0,0,0,0
141,6,53,53,0,0,0,0,0,0,0,0,0,0,0,0,0,0,0,0,0,0,0
258,65,7,839,840,520,841,0,0,0,0,0,0,0,0,0,0,0,0,0,0,0,0
217,521,842,843,18,844,522,15,3,17,845,11,8,2,0,0,0,0,0,0,0,0,0
20,47,150,523,168,12,41,0,0,0,0,0,0,0,0,0,0,0,0,0,0,0,0
1,277,253,218,846,847,848,849,850,524,107,51,0,0,0,0,0,0,0,0,0,0,0
30,6,851,852,113,0,0,0,0,0,0,0,0,0,0,0,0,0,0,0,0,0,0
40,374,8,175,0,0,0,0,0,0,0,0,0,0,0,0,0,0,0,0,0,0,0
35,853,0,0,0,0,0,0,0,0,0,0,0,0,0,0,0,0,0,0,0,0,0
525,526,0,0,0,0,0,0,0,0,0,0,0,0,0,0,0,0,0,0,0,0,0
854,151,855,13,70,176,18,0,0,0,0,0,0,0,0,0,0,0,0,0,0,0,0
2,37,0,0,0,0,0,0,0,0,0,0,0,0,0,0,0,0,0,0,0,0,0
464,856,279,857,0,0,0,0,0,0,0,0,0,0,0,0,0,0,0,0,0,0,0
8,18,219,17,11,74,1,0,0,0,0,0,0,0,0,0,0,0,0,0,0,0,0
59,527,858,3,80,168,280,3,859,69,860,861,88,862,0,0,0,0,0,0,0,0,0
2,188,0,0,0,0,0,0,0,0,0,0,0,0,0,0,0,0,0,0,0,0,0
3,17,50,863,864,90,0,0,0,0,0,0,0,0,0,0,0,0,0,0,0,0,0
131,375,112,30,83,2,528,0,0,0,0,0,0,0,0,0,0,0,0,0,0,0,0
3,117,78,0,0,0,0,0,0,0,0,0,0,0,0,0,0,0,0,0,0,0,0
11,70,262,865,361,529,281,0,0,0,0,0,0,0,0,0,0,0,0,0,0,0,0
21,28,0,0,0,0,0,0,0,0,0,0,0,0,0,0,0,0,0,0,0,0,0
530,866,38,0,0,0,0,0,0,0,0,0,0,0,0,0,0,0,0,0,0,0,0
141,6,53,0,0,0,0,0,0,0,0,0,0,0,0,0,0,0,0,0,0,0,0
531,376,532,26,2,0,0,0,0,0,0,0,0,0,0,0,0,0,0,0,0,0,0
867,868,869,870,11,871,2,0,0,0,0,0,0,0,0,0,0,0,0,0,0,0,0
526,1,2,377,0,0,0,0,0,0,0,0,0,0,0,0,0,0,0,0,0,0,0
533,211,10,44,64,872,1,36,18,219,873,1,328,19,0,0,0,0,0,0,0,0,0
177,874,875,876,877,378,878,472,178,0,0,0,0,0,0,0,0,0,0,0,0,0,0
879,1,534,72,0,0,0,0,0,0,0,0,0,0,0,0,0,0,0,0,0,0,0
18,166,535,536,321,1,0,0,0,0,0,0,0,0,0,0,0,0,0,0,0,0,0
3,39,5,0,0,0,0,0,0,0,0,0,0,0,0,0,0,0,0,0,0,0,0
20,880,7,22,59,46,137,91,16,0,0,0,0,0,0,0,0,0,0,0,0,0,0
12,6,4,537,220,0,0,0,0,0,0,0,0,0,0,0,0,0,0,0,0,0,0
1,881,281,26,882,0,0,0,0,0,0,0,0,0,0,0,0,0,0,0,0,0,0
883,75,25,179,533,379,221,884,0,0,0,0,0,0,0,0,0,0,0,0,0,0,0
538,0,0,0,0,0,0,0,0,0,0,0,0,0,0,0,0,0,0,0,0,0,0
88,495,0,0,0,0,0,0,0,0,0,0,0,0,0,0,0,0,0,0,0,0,0
2,1,0,0,0,0,0,0,0,0,0,0,0,0,0,0,0,0,0,0,0,0,0
56,885,886,0,0,0,0,0,0,0,0,0,0,0,0,0,0,0,0,0,0,0,0
887,130,888,889,505,890,461,337,48,891,32,380,0,0,0,0,0,0,0,0,0,0,0
381,473,215,0,0,0,0,0,0,0,0,0,0,0,0,0,0,0,0,0,0,0,0
539,892,50,282,4,1,39,50,0,0,0,0,0,0,0,0,0,0,0,0,0,0,0
893,382,30,194,1,0,0,0,0,0,0,0,0,0,0,0,0,0,0,0,0,0,0
75,894,895,540,174,0,0,0,0,0,0,0,0,0,0,0,0,0,0,0,0,0,0
101,0,0,0,0,0,0,0,0,0,0,0,0,0,0,0,0,0,0,0,0,0,0
127,896,897,447,0,0,0,0,0,0,0,0,0,0,0,0,0,0,0,0,0,0,0
383,35,541,0,0,0,0,0,0,0,0,0,0,0,0,0,0,0,0,0,0,0,0
60,343,0,0,0,0,0,0,0,0,0,0,0,0,0,0,0,0,0,0,0,0,0
898,19,3,86,0,0,0,0,0,0,0,0,0,0,0,0,0,0,0,0,0,0,0
152,1,384,899,0,0,0,0,0,0,0,0,0,0,0,0,0,0,0,0,0,0,0
222,45,900,385,15,528,901,375,0,0,0,0,0,0,0,0,0,0,0,0,0,0,0
93,4,902,0,0,0,0,0,0,0,0,0,0,0,0,0,0,0,0,0,0,0,0
89,903,904,905,906,99,0,0,0,0,0,0,0,0,0,0,0,0,0,0,0,0,0
27,907,908,909,910,0,0,0,0,0,0,0,0,0,0,0,0,0,0,0,0,0,0
9,283,216,0,0,0,0,0,0,0,0,0,0,0,0,0,0,0,0,0,0,0,0
2,7,101,911,0,0,0,0,0,0,0,0,0,0,0,0,0,0,0,0,0,0,0
92,912,102,913,914,82,223,1,386,915,0,0,0,0,0,0,0,0,0,0,0,0,0
20,542,31,121,36,2,0,0,0,0,0,0,0,0,0,0,0,0,0,0,0,0,0
4,916,141,0,0,0,0,0,0,0,0,0,0,0,0,0,0,0,0,0,0,0,0
253,132,0,0,0,0,0,0,0,0,0,0,0,0,0,0,0,0,0,0,0,0,0
543,917,153,918,5,919,920,47,387,921,922,0,0,0,0,0,0,0,0,0,0,0,0
262,923,365,1,924,0,0,0,0,0,0,0,0,0,0,0,0,0,0,0,0,0,0
2,23,33,0,0,0,0,0,0,0,0,0,0,0,0,0,0,0,0,0,0,0,0
224,252,20,284,925,173,512,1,926,544,927,6,545,0,0,0,0,0,0,0,0,0,0
277,28,0,0,0,0,0,0,0,0,0,0,0,0,0,0,0,0,0,0,0,0,0
15,103,24,0,0,0,0,0,0,0,0,0,0,0,0,0,0,0,0,0,0,0,0
15,24,0,0,0,0,0,0,0,0,0,0,0,0,0,0,0,0,0,0,0,0,0
33,3,18,92,102,529,546,18,15,928,13,0,0,0,0,0,0,0,0,0,0,0,0
62,1,42,0,0,0,0,0,0,0,0,0,0,0,0,0,0,0,0,0,0,0,0
32,59,929,1,0,0,0,0,0,0,0,0,0,0,0,0,0,0,0,0,0,0,0
930,931,0,0,0,0,0,0,0,0,0,0,0,0,0,0,0,0,0,0,0,0,0
10,218,547,13,97,932,10,547,933,153,0,0,0,0,0,0,0,0,0,0,0,0,0
161,285,2,86,0,0,0,0,0,0,0,0,0,0,0,0,0,0,0,0,0,0,0
180,286,41,548,388,64,0,0,0,0,0,0,0,0,0,0,0,0,0,0,0,0,0
10,133,934,12,549,68,122,515,0,0,0,0,0,0,0,0,0,0,0,0,0,0,0
550,46,537,252,0,0,0,0,0,0,0,0,0,0,0,0,0,0,0,0,0,0,0
551,3,18,935,11,285,3,552,936,0,0,0,0,0,0,0,0,0,0,0,0,0,0
32,553,95,0,0,0,0,0,0,0,0,0,0,0,0,0,0,0,0,0,0,0,0
1,154,554,2,0,0,0,0,0,0,0,0,0,0,0,0,0,0,0,0,0,0,0
389,390,937,525,93,36,333,48,51,0,0,0,0,0,0,0,0,0,0,0,0,0,0
9,147,152,0,0,0,0,0,0,0,0,0,0,0,0,0,0,0,0,0,0,0,0
144,56,22,0,0,0,0,0,0,0,0,0,0,0,0,0,0,0,0,0,0,0,0
3,56,11,0,0,0,0,0,0,0,0,0,0,0,0,0,0,0,0,0,0,0,0
2,12,28,0,0,0,0,0,0,0,0,0,0,0,0,0,0,0,0,0,0,0,0
26,213,5,63,0,0,0,0,0,0,0,0,0,0,0,0,0,0,0,0,0,0,0
11,938,939,42,0,0,0,0,0,0,0,0,0,0,0,0,0,0,0,0,0,0,0
27,44,391,0,0,0,0,0,0,0,0,0,0,0,0,0,0,0,0,0,0,0,0
940,276,30,941,392,942,24,19,0,0,0,0,0,0,0,0,0,0,0,0,0,0,0
555,29,7,385,26,943,0,0,0,0,0,0,0,0,0,0,0,0,0,0,0,0,0
80,287,0,0,0,0,0,0,0,0,0,0,0,0,0,0,0,0,0,0,0,0,0
144,225,944,945,0,0,0,0,0,0,0,0,0,0,0,0,0,0,0,0,0,0,0
1,456,34,0,0,0,0,0,0,0,0,0,0,0,0,0,0,0,0,0,0,0,0
62,114,28,42,0,0,0,0,0,0,0,0,0,0,0,0,0,0,0,0,0,0,0
556,16,557,330,260,558,0,0,0,0,0,0,0,0,0,0,0,0,0,0,0,0,0
946,947,44,7,0,0,0,0,0,0,0,0,0,0,0,0,0,0,0,0,0,0,0
288,178,948,0,0,0,0,0,0,0,0,0,0,0,0,0,0,0,0,0,0,0,0
21,949,950,1,19,0,0,0,0,0,0,0,0,0,0,0,0,0,0,0,0,0,0
30,168,23,17,2,0,0,0,0,0,0,0,0,0,0,0,0,0,0,0,0,0,0
151,951,378,0,0,0,0,0,0,0,0,0,0,0,0,0,0,0,0,0,0,0,0
46,110,14,393,226,952,85,19,0,0,0,0,0,0,0,0,0,0,0,0,0,0,0
10,91,18,953,212,559,954,0,0,0,0,0,0,0,0,0,0,0,0,0,0,0,0
955,27,1,42,0,0,0,0,0,0,0,0,0,0,0,0,0,0,0,0,0,0,0
10,956,560,4,6,0,0,0,0,0,0,0,0,0,0,0,0,0,0,0,0,0,0
35,334,387,957,0,0,0,0,0,0,0,0,0,0,0,0,0,0,0,0,0,0,0
5,212,958,561,959,562,227,0,0,0,0,0,0,0,0,0,0,0,0,0,0,0,0
53,6,28,0,0,0,0,0,0,0,0,0,0,0,0,0,0,0,0,0,0,0,0
181,97,541,563,960,0,0,0,0,0,0,0,0,0,0,0,0,0,0,0,0,0,0
2,289,0,0,0,0,0,0,0,0,0,0,0,0,0,0,0,0,0,0,0,0,0
21,228,275,279,0,0,0,0,0,0,0,0,0,0,0,0,0,0,0,0,0,0,0
2,85,344,961,0,0,0,0,0,0,0,0,0,0,0,0,0,0,0,0,0,0,0
4,5,538,188,0,0,0,0,0,0,0,0,0,0,0,0,0,0,0,0,0,0,0
564,10,36,565,63,0,0,0,0,0,0,0,0,0,0,0,0,0,0,0,0,0,0
8,2,0,0,0,0,0,0,0,0,0,0,0,0,0,0,0,0,0,0,0,0,0
962,134,0,0,0,0,0,0,0,0,0,0,0,0,0,0,0,0,0,0,0,0,0
11,3,17,290,0,0,0,0,0,0,0,0,0,0,0,0,0,0,0,0,0,0,0
9,81,182,4,0,0,0,0,0,0,0,0,0,0,0,0,0,0,0,0,0,0,0
460,963,216,270,0,0,0,0,0,0,0,0,0,0,0,0,0,0,0,0,0,0,0
10,2,40,0,0,0,0,0,0,0,0,0,0,0,0,0,0,0,0,0,0,0,0
3,56,38,0,0,0,0,0,0,0,0,0,0,0,0,0,0,0,0,0,0,0,0
35,7,0,0,0,0,0,0,0,0,0,0,0,0,0,0,0,0,0,0,0,0,0
394,269,358,33,964,965,0,0,0,0,0,0,0,0,0,0,0,0,0,0,0,0,0
36,175,0,0,0,0,0,0,0,0,0,0,0,0,0,0,0,0,0,0,0,0,0
291,32,966,0,0,0,0,0,0,0,0,0,0,0,0,0,0,0,0,0,0,0,0
967,150,566,12,6,0,0,0,0,0,0,0,0,0,0,0,0,0,0,0,0,0,0
365,11,0,0,0,0,0,0,0,0,0,0,0,0,0,0,0,0,0,0,0,0,0
968,87,8,2,0,0,0,0,0,0,0,0,0,0,0,0,0,0,0,0,0,0,0
445,120,38,289,0,0,0,0,0,0,0,0,0,0,0,0,0,0,0,0,0,0,0
4,1,0,0,0,0,0,0,0,0,0,0,0,0,0,0,0,0,0,0,0,0,0
27,969,229,194,0,0,0,0,0,0,0,0,0,0,0,0,0,0,0,0,0,0,0
392,567,292,0,0,0,0,0,0,0,0,0,0,0,0,0,0,0,0,0,0,0,0
4,5,4,293,0,0,0,0,0,0,0,0,0,0,0,0,0,0,0,0,0,0,0
35,44,0,0,0,0,0,0,0,0,0,0,0,0,0,0,0,0,0,0,0,0,0
48,3,110,14,0,0,0,0,0,0,0,0,0,0,0,0,0,0,0,0,0,0,0
101,7,294,0,0,0,0,0,0,0,0,0,0,0,0,0,0,0,0,0,0,0,0
74,129,568,0,0,0,0,0,0,0,0,0,0,0,0,0,0,0,0,0,0,0,0
2,1,0,0,0,0,0,0,0,0,0,0,0,0,0,0,0,0,0,0,0,0,0
15,3,24,295,5,0,0,0,0,0,0,0,0,0,0,0,0,0,0,0,0,0,0
73,134,0,0,0,0,0,0,0,0,0,0,0,0,0,0,0,0,0,0,0,0,0
395,970,971,0,0,0,0,0,0,0,0,0,0,0,0,0,0,0,0,0,0,0,0
40,2,972,471,396,973,90,4,178,143,75,0,0,0,0,0,0,0,0,0,0,0,0
2,1,0,0,0,0,0,0,0,0,0,0,0,0,0,0,0,0,0,0,0,0,0
3,39,0,0,0,0,0,0,0,0,0,0,0,0,0,0,0,0,0,0,0,0,0
21,1,0,0,0,0,0,0,0,0,0,0,0,0,0,0,0,0,0,0,0,0,0
71,1,0,0,0,0,0,0,0,0,0,0,0,0,0,0,0,0,0,0,0,0,0
130,513,974,975,21,0,0,0,0,0,0,0,0,0,0,0,0,0,0,0,0,0,0
228,27,1,20,42,0,0,0,0,0,0,0,0,0,0,0,0,0,0,0,0,0,0
8,2,976,977,1,397,978,979,336,980,112,0,0,0,0,0,0,0,0,0,0,0,0
11,8,199,76,0,0,0,0,0,0,0,0,0,0,0,0,0,0,0,0,0,0,0
114,28,100,0,0,0,0,0,0,0,0,0,0,0,0,0,0,0,0,0,0,0,0
9,81,59,78,69,64,981,982,0,0,0,0,0,0,0,0,0,0,0,0,0,0,0
253,132,0,0,0,0,0,0,0,0,0,0,0,0,0,0,0,0,0,0,0,0,0
217,58,983,353,0,0,0,0,0,0,0,0,0,0,0,0,0,0,0,0,0,0,0
984,985,986,987,0,0,0,0,0,0,0,0,0,0,0,0,0,0,0,0,0,0,0
4,23,0,0,0,0,0,0,0,0,0,0,0,0,0,0,0,0,0,0,0,0,0
108,36,48,988,72,550,989,990,137,348,203,4,0,0,0,0,0,0,0,0,0,0,0
171,205,8,2,0,0,0,0,0,0,0,0,0,0,0,0,0,0,0,0,0,0,0
90,2,0,0,0,0,0,0,0,0,0,0,0,0,0,0,0,0,0,0,0,0,0
230,94,991,125,7,10,398,296,0,0,0,0,0,0,0,0,0,0,0,0,0,0,0
992,231,155,993,994,272,66,111,41,0,0,0,0,0,0,0,0,0,0,0,0,0,0
399,548,11,553,0,0,0,0,0,0,0,0,0,0,0,0,0,0,0,0,0,0,0
4,9,74,26,277,0,0,0,0,0,0,0,0,0,0,0,0,0,0,0,0,0,0
995,996,400,0,0,0,0,0,0,0,0,0,0,0,0,0,0,0,0,0,0,0,0
33,500,69,86,997,998,479,480,118,999,19,0,0,0,0,0,0,0,0,0,0,0,0
1,272,66,18,34,0,0,0,0,0,0,0,0,0,0,0,0,0,0,0,0,0,0
9,291,14,28,13,1000,0,0,0,0,0,0,0,0,0,0,0,0,0,0,0,0,0
10,401,12,6,156,53,1001,1,189,524,523,7,402,297,0,0,0,0,0,0,0,0,0
569,111,1002,0,0,0,0,0,0,0,0,0,0,0,0,0,0,0,0,0,0,0,0
207,254,1003,1004,61,1,1005,570,0,0,0,0,0,0,0,0,0,0,0,0,0,0,0
165,38,132,0,0,0,0,0,0,0,0,0,0,0,0,0,0,0,0,0,0,0,0
35,72,0,0,0,0,0,0,0,0,0,0,0,0,0,0,0,0,0,0,0,0,0
33,54,23,0,0,0,0,0,0,0,0,0,0,0,0,0,0,0,0,0,0,0,0
389,5,48,506,1006,0,0,0,0,0,0,0,0,0,0,0,0,0,0,0,0,0,0
1007,59,400,1008,0,0,0,0,0,0,0,0,0,0,0,0,0,0,0,0,0,0,0
284,130,571,43,65,0,0,0,0,0,0,0,0,0,0,0,0,0,0,0,0,0,0
1009,259,61,1,344,572,79,232,0,0,0,0,0,0,0,0,0,0,0,0,0,0,0
4,40,115,23,0,0,0,0,0,0,0,0,0,0,0,0,0,0,0,0,0,0,0
1010,1011,27,573,574,0,0,0,0,0,0,0,0,0,0,0,0,0,0,0,0,0,0
87,17,14,0,0,0,0,0,0,0,0,0,0,0,0,0,0,0,0,0,0,0,0
116,298,0,0,0,0,0,0,0,0,0,0,0,0,0,0,0,0,0,0,0,0,0
1012,149,149,66,208,0,0,0,0,0,0,0,0,0,0,0,0,0,0,0,0,0,0
46,0,0,0,0,0,0,0,0,0,0,0,0,0,0,0,0,0,0,0,0,0,0
9,90,14,381,190,183,1,31,121,299,0,0,0,0,0,0,0,0,0,0,0,0,0
55,21,0,0,0,0,0,0,0,0,0,0,0,0,0,0,0,0,0,0,0,0,0
91,278,290,16,12,83,166,66,283,233,104,0,0,0,0,0,0,0,0,0,0,0,0
83,6,12,3,552,12,575,143,12,123,7,0,0,0,0,0,0,0,0,0,0,0,0
1013,78,444,9,3,576,1014,403,107,31,0,0,0,0,0,0,0,0,0,0,0,0,0
280,65,1015,0,0,0,0,0,0,0,0,0,0,0,0,0,0,0,0,0,0,0,0
234,0,0,0,0,0,0,0,0,0,0,0,0,0,0,0,0,0,0,0,0,0,0
1016,73,15,59,286,41,6,0,0,0,0,0,0,0,0,0,0,0,0,0,0,0,0
1017,152,1018,218,1019,55,47,0,0,0,0,0,0,0,0,0,0,0,0,0,0,0,0
21,12,6,0,0,0,0,0,0,0,0,0,0,0,0,0,0,0,0,0,0,0,0
54,0,0,0,0,0,0,0,0,0,0,0,0,0,0,0,0,0,0,0,0,0,0
73,134,124,1,31,104,0,0,0,0,0,0,0,0,0,0,0,0,0,0,0,0,0
34,9,8,2,1,0,0,0,0,0,0,0,0,0,0,0,0,0,0,0,0,0,0
62,114,28,0,0,0,0,0,0,0,0,0,0,0,0,0,0,0,0,0,0,0,0
20,142,1,300,139,45,1020,1,59,2,1021,1022,0,0,0,0,0,0,0,0,0,0,0
55,100,503,323,0,0,0,0,0,0,0,0,0,0,0,0,0,0,0,0,0,0,0
4,141,6,0,0,0,0,0,0,0,0,0,0,0,0,0,0,0,0,0,0,0,0
120,72,1023,1024,1025,58,81,567,111,301,0,0,0,0,0,0,0,0,0,0,0,0,0
1026,1027,1028,235,7,380,174,0,0,0,0,0,0,0,0,0,0,0,0,0,0,0,0
1029,1,0,0,0,0,0,0,0,0,0,0,0,0,0,0,0,0,0,0,0,0,0
8,18,219,50,8,482,0,0,0,0,0,0,0,0,0,0,0,0,0,0,0,0,0
46,30,224,4,9,81,0,0,0,0,0,0,0,0,0,0,0,0,0,0,0,0,0
377,368,1030,1031,133,0,0,0,0,0,0,0,0,0,0,0,0,0,0,0,0,0,0
21,1032,404,7,0,0,0,0,0,0,0,0,0,0,0,0,0,0,0,0,0,0,0
1033,1034,2,1035,1036,52,1037,0,0,0,0,0,0,0,0,0,0,0,0,0,0,0,0
70,93,25,1038,12,1039,7,0,0,0,0,0,0,0,0,0,0,0,0,0,0,0,0
48,55,298,122,31,259,42,0,0,0,0,0,0,0,0,0,0,0,0,0,0,0,0
1,146,382,1040,0,0,0,0,0,0,0,0,0,0,0,0,0,0,0,0,0,0,0
398,33,8,14,1041,94,1042,1043,108,0,0,0,0,0,0,0,0,0,0,0,0,0,0
30,88,6,0,0,0,0,0,0,0,0,0,0,0,0,0,0,0,0,0,0,0,0
33,1,142,19,160,577,1044,142,302,0,0,0,0,0,0,0,0,0,0,0,0,0,0
127,49,13,83,55,1045,0,0,0,0,0,0,0,0,0,0,0,0,0,0,0,0,0
60,86,137,144,0,0,0,0,0,0,0,0,0,0,0,0,0,0,0,0,0,0,0
207,4,1046,0,0,0,0,0,0,0,0,0,0,0,0,0,0,0,0,0,0,0,0
220,72,0,0,0,0,0,0,0,0,0,0,0,0,0,0,0,0,0,0,0,0,0
56,38,0,0,0,0,0,0,0,0,0,0,0,0,0,0,0,0,0,0,0,0,0
389,64,236,181,74,14,1047,90,5,0,0,0,0,0,0,0,0,0,0,0,0,0,0
35,1,0,0,0,0,0,0,0,0,0,0,0,0,0,0,0,0,0,0,0,0,0
157,7,78,22,20,74,25,3,405,0,0,0,0,0,0,0,0,0,0,0,0,0,0
383,1048,578,7,579,580,581,0,0,0,0,0,0,0,0,0,0,0,0,0,0,0,0
356,21,82,4,154,0,0,0,0,0,0,0,0,0,0,0,0,0,0,0,0,0,0
9,81,33,2,0,0,0,0,0,0,0,0,0,0,0,0,0,0,0,0,0,0,0
62,1,20,42,98,105,0,0,0,0,0,0,0,0,0,0,0,0,0,0,0,0,0
4,40,50,36,191,75,1049,1050,1051,269,0,0,0,0,0,0,0,0,0,0,0,0,0
1052,33,162,1053,406,582,16,87,16,0,0,0,0,0,0,0,0,0,0,0,0,0,0
1054,1,583,0,0,0,0,0,0,0,0,0,0,0,0,0,0,0,0,0,0,0,0
1055,1,60,9,81,1056,296,377,0,0,0,0,0,0,0,0,0,0,0,0,0,0,0
83,584,68,78,9,81,78,224,0,0,0,0,0,0,0,0,0,0,0,0,0,0,0
1057,522,298,0,0,0,0,0,0,0,0,0,0,0,0,0,0,0,0,0,0,0,0
2,228,275,72,0,0,0,0,0,0,0,0,0,0,0,0,0,0,0,0,0,0,0
45,158,1058,1059,1060,1061,356,109,0,0,0,0,0,0,0,0,0,0,0,0,0,0,0
65,303,1062,0,0,0,0,0,0,0,0,0,0,0,0,0,0,0,0,0,0,0,0
407,230,230,585,1063,11,408,8,14,0,0,0,0,0,0,0,0,0,0,0,0,0,0
1064,1065,0,0,0,0,0,0,0,0,0,0,0,0,0,0,0,0,0,0,0,0,0
62,73,184,42,578,106,114,28,0,0,0,0,0,0,0,0,0,0,0,0,0,0,0
53,12,6,0,0,0,0,0,0,0,0,0,0,0,0,0,0,0,0,0,0,0,0
27,1,391,0,0,0,0,0,0,0,0,0,0,0,0,0,0,0,0,0,0,0,0
36,14,0,0,0,0,0,0,0,0,0,0,0,0,0,0,0,0,0,0,0,0,0
153,586,5,1066,8,14,0,0,0,0,0,0,0,0,0,0,0,0,0,0,0,0,0
587,304,0,0,0,0,0,0,0,0,0,0,0,0,0,0,0,0,0,0,0,0,0
164,498,63,1067,107,1068,1069,0,0,0,0,0,0,0,0,0,0,0,0,0,0,0,0
2,305,0,0,0,0,0,0,0,0,0,0,0,0,0,0,0,0,0,0,0,0,0
21,5,306,71,0,0,0,0,0,0,0,0,0,0,0,0,0,0,0,0,0,0,0
103,24,1070,94,409,406,0,0,0,0,0,0,0,0,0,0,0,0,0,0,0,0,0
41,180,206,0,0,0,0,0,0,0,0,0,0,0,0,0,0,0,0,0,0,0,0
85,360,261,76,70,179,16,0,0,0,0,0,0,0,0,0,0,0,0,0,0,0,0
2,5,23,0,0,0,0,0,0,0,0,0,0,0,0,0,0,0,0,0,0,0,0
521,4,386,199,1071,161,0,0,0,0,0,0,0,0,0,0,0,0,0,0,0,0,0
59,588,1072,32,196,40,15,17,14,50,42,1073,0,0,0,0,0,0,0,0,0,0,0
225,0,0,0,0,0,0,0,0,0,0,0,0,0,0,0,0,0,0,0,0,0,0
1074,28,0,0,0,0,0,0,0,0,0,0,0,0,0,0,0,0,0,0,0,0,0
21,5,23,0,0,0,0,0,0,0,0,0,0,0,0,0,0,0,0,0,0,0,0
213,7,0,0,0,0,0,0,0,0,0,0,0,0,0,0,0,0,0,0,0,0,0
3,56,38,22,0,0,0,0,0,0,0,0,0,0,0,0,0,0,0,0,0,0,0
237,35,78,9,81,0,0,0,0,0,0,0,0,0,0,0,0,0,0,0,0,0,0
10,589,238,295,34,376,43,376,1075,168,43,1076,178,22,34,1,307,0,0,0,0,0,0
8,2,0,0,0,0,0,0,0,0,0,0,0,0,0,0,0,0,0,0,0,0,0
294,44,1077,39,0,0,0,0,0,0,0,0,0,0,0,0,0,0,0,0,0,0,0
183,106,1078,1079,61,107,98,48,70,590,26,60,28,0,0,0,0,0,0,0,0,0,0
383,157,34,289,0,0,0,0,0,0,0,0,0,0,0,0,0,0,0,0,0,0,0
103,24,72,325,0,0,0,0,0,0,0,0,0,0,0,0,0,0,0,0,0,0,0
320,1080,220,0,0,0,0,0,0,0,0,0,0,0,0,0,0,0,0,0,0,0,0
171,493,1081,9,410,411,233,1082,190,51,117,202,59,283,346,1083,0,0,0,0,0,0,0
154,9,140,147,411,7,0,0,0,0,0,0,0,0,0,0,0,0,0,0,0,0,0
51,138,1,57,121,11,27,0,0,0,0,0,0,0,0,0,0,0,0,0,0,0,0
220,34,131,355,1084,0,0,0,0,0,0,0,0,0,0,0,0,0,0,0,0,0,0
48,1,20,1085,58,0,0,0,0,0,0,0,0,0,0,0,0,0,0,0,0,0,0
591,83,12,1086,1087,119,0,0,0,0,0,0,0,0,0,0,0,0,0,0,0,0,0
239,592,26,49,255,0,0,0,0,0,0,0,0,0,0,0,0,0,0,0,0,0,0
23,4,0,0,0,0,0,0,0,0,0,0,0,0,0,0,0,0,0,0,0,0,0
3,80,287,0,0,0,0,0,0,0,0,0,0,0,0,0,0,0,0,0,0,0,0
593,1088,33,1089,1090,222,594,1,0,0,0,0,0,0,0,0,0,0,0,0,0,0,0
32,85,1091,1092,19,91,67,0,0,0,0,0,0,0,0,0,0,0,0,0,0,0,0
33,370,135,124,1093,32,1094,1095,1096,0,0,0,0,0,0,0,0,0,0,0,0,0,0
282,1097,1,1098,322,146,2,55,0,0,0,0,0,0,0,0,0,0,0,0,0,0,0
178,70,1,17,175,18,0,0,0,0,0,0,0,0,0,0,0,0,0,0,0,0,0
240,1099,1,10,1100,26,97,308,1101,237,172,595,0,0,0,0,0,0,0,0,0,0,0
10,26,49,0,0,0,0,0,0,0,0,0,0,0,0,0,0,0,0,0,0,0,0
1102,1103,1104,369,1105,118,1106,594,0,0,0,0,0,0,0,0,0,0,0,0,0,0,0
374,1107,0,0,0,0,0,0,0,0,0,0,0,0,0,0,0,0,0,0,0,0,0
1108,61,1,76,309,1109,43,0,0,0,0,0,0,0,0,0,0,0,0,0,0,0,0
115,6,0,0,0,0,0,0,0,0,0,0,0,0,0,0,0,0,0,0,0,0,0
103,24,1110,199,1111,1,0,0,0,0,0,0,0,0,0,0,0,0,0,0,0,0,0
29,41,55,241,1,20,0,0,0,0,0,0,0,0,0,0,0,0,0,0,0,0,0
596,179,309,0,0,0,0,0,0,0,0,0,0,0,0,0,0,0,0,0,0,0,0
1112,25,227,135,29,132,38,0,0,0,0,0,0,0,0,0,0,0,0,0,0,0,0
1113,72,8,2,0,0,0,0,0,0,0,0,0,0,0,0,0,0,0,0,0,0,0
51,119,310,310,1114,216,9,15,517,1115,597,0,0,0,0,0,0,0,0,0,0,0,0
3,169,60,135,307,11,1116,1117,15,24,185,0,0,0,0,0,0,0,0,0,0,0,0
1118,0,0,0,0,0,0,0,0,0,0,0,0,0,0,0,0,0,0,0,0,0,0
412,569,1119,15,1120,295,1121,6,598,0,0,0,0,0,0,0,0,0,0,0,0,0,0
58,19,129,186,599,0,0,0,0,0,0,0,0,0,0,0,0,0,0,0,0,0,0
1122,1,18,34,264,0,0,0,0,0,0,0,0,0,0,0,0,0,0,0,0,0,0
15,24,600,128,1123,476,31,8,565,601,413,159,602,0,0,0,0,0,0,0,0,0,0
1124,151,125,11,27,188,0,0,0,0,0,0,0,0,0,0,0,0,0,0,0,0,0
86,0,0,0,0,0,0,0,0,0,0,0,0,0,0,0,0,0,0,0,0,0,0
54,5,0,0,0,0,0,0,0,0,0,0,0,0,0,0,0,0,0,0,0,0,0
112,414,144,1125,1126,1127,14,69,82,6,21,82,1,0,0,0,0,0,0,0,0,0,0
10,26,242,60,139,7,0,0,0,0,0,0,0,0,0,0,0,0,0,0,0,0,0
32,372,125,5,116,243,169,3,210,199,0,0,0,0,0,0,0,0,0,0,0,0,0
1128,8,0,0,0,0,0,0,0,0,0,0,0,0,0,0,0,0,0,0,0,0,0
1129,29,2,1130,120,415,264,2,0,0,0,0,0,0,0,0,0,0,0,0,0,0,0
45,1131,396,140,1132,416,256,448,1133,590,603,261,1134,0,0,0,0,0,0,0,0,0,0
20,33,75,1,604,1135,1136,244,198,0,0,0,0,0,0,0,0,0,0,0,0,0,0
4,605,1137,606,0,0,0,0,0,0,0,0,0,0,0,0,0,0,0,0,0,0,0
1138,1139,6,5,0,0,0,0,0,0,0,0,0,0,0,0,0,0,0,0,0,0,0
30,1140,266,0,0,0,0,0,0,0,0,0,0,0,0,0,0,0,0,0,0,0,0
14,58,91,1141,1142,175,0,0,0,0,0,0,0,0,0,0,0,0,0,0,0,0,0
133,1,0,0,0,0,0,0,0,0,0,0,0,0,0,0,0,0,0,0,0,0,0
1143,9,134,0,0,0,0,0,0,0,0,0,0,0,0,0,0,0,0,0,0,0,0
15,24,303,0,0,0,0,0,0,0,0,0,0,0,0,0,0,0,0,0,0,0,0
572,29,148,17,417,0,0,0,0,0,0,0,0,0,0,0,0,0,0,0,0,0,0
95,0,0,0,0,0,0,0,0,0,0,0,0,0,0,0,0,0,0,0,0,0,0
53,130,241,0,0,0,0,0,0,0,0,0,0,0,0,0,0,0,0,0,0,0,0
9,8,2,0,0,0,0,0,0,0,0,0,0,0,0,0,0,0,0,0,0,0,0
1144,1145,11,0,0,0,0,0,0,0,0,0,0,0,0,0,0,0,0,0,0,0,0
95,1146,0,0,0,0,0,0,0,0,0,0,0,0,0,0,0,0,0,0,0,0,0
169,1147,393,607,1,339,1148,1149,0,0,0,0,0,0,0,0,0,0,0,0,0,0,0
97,2,212,102,0,0,0,0,0,0,0,0,0,0,0,0,0,0,0,0,0,0,0
1150,28,31,197,121,96,54,0,0,0,0,0,0,0,0,0,0,0,0,0,0,0,0
1151,1152,186,608,0,0,0,0,0,0,0,0,0,0,0,0,0,0,0,0,0,0,0
225,50,262,232,410,16,0,0,0,0,0,0,0,0,0,0,0,0,0,0,0,0,0
2,148,1153,0,0,0,0,0,0,0,0,0,0,0,0,0,0,0,0,0,0,0,0
1154,22,0,0,0,0,0,0,0,0,0,0,0,0,0,0,0,0,0,0,0,0,0
49,13,0,0,0,0,0,0,0,0,0,0,0,0,0,0,0,0,0,0,0,0,0
401,16,3,13,297,1155,1156,0,0,0,0,0,0,0,0,0,0,0,0,0,0,0,0
77,609,1157,135,1158,1159,0,0,0,0,0,0,0,0,0,0,0,0,0,0,0,0,0
272,66,78,22,386,46,1160,1161,6,12,514,0,0,0,0,0,0,0,0,0,0,0,0
180,18,227,0,0,0,0,0,0,0,0,0,0,0,0,0,0,0,0,0,0,0,0
266,26,610,1162,200,69,3,206,75,0,0,0,0,0,0,0,0,0,0,0,0,0,0
106,10,1163,136,186,611,45,324,1164,1165,161,0,0,0,0,0,0,0,0,0,0,0,0
193,1166,612,17,2,0,0,0,0,0,0,0,0,0,0,0,0,0,0,0,0,0,0
613,3,1167,0,0,0,0,0,0,0,0,0,0,0,0,0,0,0,0,0,0,0,0
35,1,0,0,0,0,0,0,0,0,0,0,0,0,0,0,0,0,0,0,0,0,0
225,0,0,0,0,0,0,0,0,0,0,0,0,0,0,0,0,0,0,0,0,0,0
614,615,0,0,0,0,0,0,0,0,0,0,0,0,0,0,0,0,0,0,0,0,0
311,616,267,217,617,99,308,226,229,1,1168,1169,0,0,0,0,0,0,0,0,0,0,0
618,1,45,65,0,0,0,0,0,0,0,0,0,0,0,0,0,0,0,0,0,0,0
418,1,290,1170,1171,77,1172,0,0,0,0,0,0,0,0,0,0,0,0,0,0,0,0
462,357,0,0,0,0,0,0,0,0,0,0,0,0,0,0,0,0,0,0,0,0,0
349,396,13,129,1173,1174,1175,1176,0,0,0,0,0,0,0,0,0,0,0,0,0,0,0
15,207,24,128,1177,157,392,241,2,23,0,0,0,0,0,0,0,0,0,0,0,0,0
106,31,121,299,26,1178,28,0,0,0,0,0,0,0,0,0,0,0,0,0,0,0,0
96,73,134,0,0,0,0,0,0,0,0,0,0,0,0,0,0,0,0,0,0,0,0
87,619,414,0,0,0,0,0,0,0,0,0,0,0,0,0,0,0,0,0,0,0,0
8,620,0,0,0,0,0,0,0,0,0,0,0,0,0,0,0,0,0,0,0,0,0
577,38,98,20,40,1179,105,0,0,0,0,0,0,0,0,0,0,0,0,0,0,0,0
60,71,0,0,0,0,0,0,0,0,0,0,0,0,0,0,0,0,0,0,0,0,0
14,621,306,0,0,0,0,0,0,0,0,0,0,0,0,0,0,0,0,0,0,0,0
1180,419,1181,1182,226,1183,1184,0,0,0,0,0,0,0,0,0,0,0,0,0,0,0,0
9,21,273,0,0,0,0,0,0,0,0,0,0,0,0,0,0,0,0,0,0,0,0
622,184,0,0,0,0,0,0,0,0,0,0,0,0,0,0,0,0,0,0,0,0,0
15,420,623,284,0,0,0,0,0,0,0,0,0,0,0,0,0,0,0,0,0,0,0
110,474,91,67,0,0,0,0,0,0,0,0,0,0,0,0,0,0,0,0,0,0,0
12,6,72,1185,26,477,370,364,79,242,0,0,0,0,0,0,0,0,0,0,0,0,0
15,24,40,185,0,0,0,0,0,0,0,0,0,0,0,0,0,0,0,0,0,0,0
421,204,354,1186,1187,0,0,0,0,0,0,0,0,0,0,0,0,0,0,0,0,0,0
2,52,75,0,0,0,0,0,0,0,0,0,0,0,0,0,0,0,0,0,0,0,0
1188,624,1189,87,37,242,1190,0,0,0,0,0,0,0,0,0,0,0,0,0,0,0,0
1191,1,219,568,1192,625,0,0,0,0,0,0,0,0,0,0,0,0,0,0,0,0,0
122,217,1193,243,69,76,504,300,1194,165,0,0,0,0,0,0,0,0,0,0,0,0,0
12,83,94,119,626,6,0,0,0,0,0,0,0,0,0,0,0,0,0,0,0,0,0
74,1195,19,34,422,1196,36,26,14,149,1197,1198,175,63,0,0,0,0,0,0,0,0,0
4,5,14,58,0,0,0,0,0,0,0,0,0,0,0,0,0,0,0,0,0,0,0
454,1,1199,254,0,0,0,0,0,0,0,0,0,0,0,0,0,0,0,0,0,0,0
101,214,64,1200,1,0,0,0,0,0,0,0,0,0,0,0,0,0,0,0,0,0,0
171,1201,14,170,208,627,108,4,90,274,282,555,1202,0,0,0,0,0,0,0,0,0,0
1,200,1203,0,0,0,0,0,0,0,0,0,0,0,0,0,0,0,0,0,0,0,0
101,15,24,40,185,0,0,0,0,0,0,0,0,0,0,0,0,0,0,0,0,0,0
628,1204,12,77,120,115,45,416,150,150,0,0,0,0,0,0,0,0,0,0,0,0,0
1205,116,629,163,4,23,0,0,0,0,0,0,0,0,0,0,0,0,0,0,0,0,0
630,1206,1207,1208,132,1209,336,0,0,0,0,0,0,0,0,0,0,0,0,0,0,0,0
159,312,47,34,155,1,90,2,0,0,0,0,0,0,0,0,0,0,0,0,0,0,0
8,2,0,0,0,0,0,0,0,0,0,0,0,0,0,0,0,0,0,0,0,0,0
26,1210,0,0,0,0,0,0,0,0,0,0,0,0,0,0,0,0,0,0,0,0,0
133,609,197,300,0,0,0,0,0,0,0,0,0,0,0,0,0,0,0,0,0,0,0
419,1211,1212,0,0,0,0,0,0,0,0,0,0,0,0,0,0,0,0,0,0,0,0
182,1213,0,0,0,0,0,0,0,0,0,0,0,0,0,0,0,0,0,0,0,0,0
189,9,4,39,0,0,0,0,0,0,0,0,0,0,0,0,0,0,0,0,0,0,0
238,4,17,116,0,0,0,0,0,0,0,0,0,0,0,0,0,0,0,0,0,0,0
1214,423,313,0,0,0,0,0,0,0,0,0,0,0,0,0,0,0,0,0,0,0,0
311,10,49,631,1215,1216,123,631,1217,1,302,632,0,0,0,0,0,0,0,0,0,0,0
508,1218,38,1219,242,0,0,0,0,0,0,0,0,0,0,0,0,0,0,0,0,0,0
2,19,23,0,0,0,0,0,0,0,0,0,0,0,0,0,0,0,0,0,0,0,0
633,11,424,484,1220,1221,1222,1223,101,1224,0,0,0,0,0,0,0,0,0,0,0,0,0
44,224,4,104,299,261,1,1225,74,99,1226,634,118,1227,0,0,0,0,0,0,0,0,0
129,502,497,157,1228,359,1229,534,257,0,0,0,0,0,0,0,0,0,0,0,0,0,0
635,1230,12,1231,16,636,1232,12,77,241,0,0,0,0,0,0,0,0,0,0,0,0,0
245,34,1233,42,156,36,1234,0,0,0,0,0,0,0,0,0,0,0,0,0,0,0,0
372,271,0,0,0,0,0,0,0,0,0,0,0,0,0,0,0,0,0,0,0,0,0
20,1235,637,68,581,0,0,0,0,0,0,0,0,0,0,0,0,0,0,0,0,0,0
339,1,622,94,79,13,0,0,0,0,0,0,0,0,0,0,0,0,0,0,0,0,0
3,39,5,0,0,0,0,0,0,0,0,0,0,0,0,0,0,0,0,0,0,0,0
1236,511,17,1,0,0,0,0,0,0,0,0,0,0,0,0,0,0,0,0,0,0,0
1237,1238,1239,45,1240,242,25,3,405,34,11,1241,0,0,0,0,0,0,0,0,0,0,0
62,148,42,51,98,25,409,1242,566,15,0,0,0,0,0,0,0,0,0,0,0,0,0
407,80,99,1243,1244,0,0,0,0,0,0,0,0,0,0,0,0,0,0,0,0,0,0
19,563,73,239,341,281,335,558,0,0,0,0,0,0,0,0,0,0,0,0,0,0,0
128,1245,54,12,6,237,1246,41,0,0,0,0,0,0,0,0,0,0,0,0,0,0,0
35,82,10,26,96,4,6,0,0,0,0,0,0,0,0,0,0,0,0,0,0,0,0
530,2,28,0,0,0,0,0,0,0,0,0,0,0,0,0,0,0,0,0,0,0,0
1247,1248,0,0,0,0,0,0,0,0,0,0,0,0,0,0,0,0,0,0,0,0,0
293,1249,1250,15,207,39,0,0,0,0,0,0,0,0,0,0,0,0,0,0,0,0,0
409,1251,310,1252,1253,1254,1255,1256,0,0,0,0,0,0,0,0,0,0,0,0,0,0,0
10,1257,0,0,0,0,0,0,0,0,0,0,0,0,0,0,0,0,0,0,0,0,0
2,5,23,0,0,0,0,0,0,0,0,0,0,0,0,0,0,0,0,0,0,0,0
271,292,1258,1259,241,350,13,0,0,0,0,0,0,0,0,0,0,0,0,0,0,0,0
1260,404,357,113,120,1,0,0,0,0,0,0,0,0,0,0,0,0,0,0,0,0,0
245,8,3,39,0,0,0,0,0,0,0,0,0,0,0,0,0,0,0,0,0,0,0
1261,115,6,12,1262,173,1263,10,1264,395,349,1265,1266,0,0,0,0,0,0,0,0,0,0
638,351,56,38,0,0,0,0,0,0,0,0,0,0,0,0,0,0,0,0,0,0,0
32,156,306,71,0,0,0,0,0,0,0,0,0,0,0,0,0,0,0,0,0,0,0
157,4,6,64,7,238,157,3,0,0,0,0,0,0,0,0,0,0,0,0,0,0,0
327,1267,1268,13,1269,37,88,0,0,0,0,0,0,0,0,0,0,0,0,0,0,0,0
1270,418,0,0,0,0,0,0,0,0,0,0,0,0,0,0,0,0,0,0,0,0,0
608,88,0,0,0,0,0,0,0,0,0,0,0,0,0,0,0,0,0,0,0,0,0
2,34,347,30,8,4,75,183,176,22,286,0,0,0,0,0,0,0,0,0,0,0,0
2,5,0,0,0,0,0,0,0,0,0,0,0,0,0,0,0,0,0,0,0,0,0
10,73,184,0,0,0,0,0,0,0,0,0,0,0,0,0,0,0,0,0,0,0,0
388,100,425,1271,44,7,84,46,117,128,1272,0,0,0,0,0,0,0,0,0,0,0,0
1273,75,0,0,0,0,0,0,0,0,0,0,0,0,0,0,0,0,0,0,0,0,0
62,42,0,0,0,0,0,0,0,0,0,0,0,0,0,0,0,0,0,0,0,0,0
54,0,0,0,0,0,0,0,0,0,0,0,0,0,0,0,0,0,0,0,0,0,0
20,342,1274,151,1275,314,1276,1277,0,0,0,0,0,0,0,0,0,0,0,0,0,0,0
639,42,79,1278,478,92,102,0,0,0,0,0,0,0,0,0,0,0,0,0,0,0,0
9,81,103,1279,0,0,0,0,0,0,0,0,0,0,0,0,0,0,0,0,0,0,0
153,640,0,0,0,0,0,0,0,0,0,0,0,0,0,0,0,0,0,0,0,0,0
108,373,315,15,0,0,0,0,0,0,0,0,0,0,0,0,0,0,0,0,0,0,0
1280,1281,178,99,641,1282,85,7,0,0,0,0,0,0,0,0,0,0,0,0,0,0,0
8,2,43,37,237,87,57,1283,22,0,0,0,0,0,0,0,0,0,0,0,0,0,0
106,466,268,1284,1285,245,36,630,243,1286,1287,236,0,0,0,0,0,0,0,0,0,0,0
130,6,174,1288,142,68,0,0,0,0,0,0,0,0,0,0,0,0,0,0,0,0,0
1289,1290,426,414,23,115,15,93,6,400,136,10,0,0,0,0,0,0,0,0,0,0,0
41,286,0,0,0,0,0,0,0,0,0,0,0,0,0,0,0,0,0,0,0,0,0
203,395,1291,1292,186,1293,123,1294,186,582,0,0,0,0,0,0,0,0,0,0,0,0,0
9,642,14,0,0,0,0,0,0,0,0,0,0,0,0,0,0,0,0,0,0,0,0
33,186,177,1295,180,24,1296,5,0,0,0,0,0,0,0,0,0,0,0,0,0,0,0
51,57,104,3,244,49,79,0,0,0,0,0,0,0,0,0,0,0,0,0,0,0,0
74,43,37,45,202,37,643,52,140,87,191,1297,0,0,0,0,0,0,0,0,0,0,0
427,100,114,28,0,0,0,0,0,0,0,0,0,0,0,0,0,0,0,0,0,0,0
1298,1,118,1299,0,0,0,0,0,0,0,0,0,0,0,0,0,0,0,0,0,0,0
109,0,0,0,0,0,0,0,0,0,0,0,0,0,0,0,0,0,0,0,0,0,0
49,13,0,0,0,0,0,0,0,0,0,0,0,0,0,0,0,0,0,0,0,0,0
41,34,0,0,0,0,0,0,0,0,0,0,0,0,0,0,0,0,0,0,0,0,0
1300,29,134,1301,52,0,0,0,0,0,0,0,0,0,0,0,0,0,0,0,0,0,0
73,1302,0,0,0,0,0,0,0,0,0,0,0,0,0,0,0,0,0,0,0,0,0
96,4,5,0,0,0,0,0,0,0,0,0,0,0,0,0,0,0,0,0,0,0,0
2,1,0,0,0,0,0,0,0,0,0,0,0,0,0,0,0,0,0,0,0,0,0
23,116,21,5,15,103,24,0,0,0,0,0,0,0,0,0,0,0,0,0,0,0,0
1303,1304,1305,280,1306,1307,0,0,0,0,0,0,0,0,0,0,0,0,0,0,0,0,0
182,1308,77,1309,644,0,0,0,0,0,0,0,0,0,0,0,0,0,0,0,0,0,0
107,90,67,0,0,0,0,0,0,0,0,0,0,0,0,0,0,0,0,0,0,0,0
54,5,0,0,0,0,0,0,0,0,0,0,0,0,0,0,0,0,0,0,0,0,0
53,348,0,0,0,0,0,0,0,0,0,0,0,0,0,0,0,0,0,0,0,0,0
1310,0,0,0,0,0,0,0,0,0,0,0,0,0,0,0,0,0,0,0,0,0,0
282,15,24,1,34,1311,0,0,0,0,0,0,0,0,0,0,0,0,0,0,0,0,0
427,1312,28,0,0,0,0,0,0,0,0,0,0,0,0,0,0,0,0,0,0,0,0
113,428,131,113,0,0,0,0,0,0,0,0,0,0,0,0,0,0,0,0,0,0,0
91,16,14,46,0,0,0,0,0,0,0,0,0,0,0,0,0,0,0,0,0,0,0
3,17,1313,1314,0,0,0,0,0,0,0,0,0,0,0,0,0,0,0,0,0,0,0
1315,235,1316,80,428,18,645,1317,10,1318,0,0,0,0,0,0,0,0,0,0,0,0,0
18,88,131,128,1319,16,145,1320,96,1321,110,1322,216,316,118,1323,16,0,0,0,0,0,0
626,646,1324,57,190,297,61,1,612,1325,23,0,0,0,0,0,0,0,0,0,0,0,0
62,1,187,52,184,425,1326,187,1327,50,62,42,1328,0,0,0,0,0,0,0,0,0,0
37,36,202,147,1329,193,1,0,0,0,0,0,0,0,0,0,0,0,0,0,0,0,0
53,5,0,0,0,0,0,0,0,0,0,0,0,0,0,0,0,0,0,0,0,0,0
136,429,41,260,0,0,0,0,0,0,0,0,0,0,0,0,0,0,0,0,0,0,0
163,57,228,647,1330,148,1331,1332,231,1333,34,148,1334,0,0,0,0,0,0,0,0,0,0
36,14,648,317,1335,584,7,329,85,430,44,1336,0,0,0,0,0,0,0,0,0,0,0
1337,83,5,159,1338,422,1339,1340,649,1341,0,0,0,0,0,0,0,0,0,0,0,0,0
39,1342,298,0,0,0,0,0,0,0,0,0,0,0,0,0,0,0,0,0,0,0,0
2,5,425,196,1343,85,1344,0,0,0,0,0,0,0,0,0,0,0,0,0,0,0,0
431,340,1345,288,1346,23,1347,0,0,0,0,0,0,0,0,0,0,0,0,0,0,0,0
246,20,126,1348,355,1349,105,11,265,78,1350,0,0,0,0,0,0,0,0,0,0,0,0
1351,264,0,0,0,0,0,0,0,0,0,0,0,0,0,0,0,0,0,0,0,0,0
3,80,287,638,3,39,1,0,0,0,0,0,0,0,0,0,0,0,0,0,0,0,0
1,412,14,62,20,42,650,0,0,0,0,0,0,0,0,0,0,0,0,0,0,0,0
19,176,318,1352,177,270,1353,397,16,0,0,0,0,0,0,0,0,0,0,0,0,0,0
24,531,185,201,650,61,1354,1355,292,0,0,0,0,0,0,0,0,0,0,0,0,0,0
3,543,159,312,0,0,0,0,0,0,0,0,0,0,0,0,0,0,0,0,0,0,0
1356,1357,1358,1359,172,1,451,651,10,2,222,0,0,0,0,0,0,0,0,0,0,0,0
65,40,15,274,429,0,0,0,0,0,0,0,0,0,0,0,0,0,0,0,0,0,0
29,432,1360,0,0,0,0,0,0,0,0,0,0,0,0,0,0,0,0,0,0,0,0
148,2,214,25,33,80,314,387,1361,1362,118,151,247,0,0,0,0,0,0,0,0,0,0
621,1363,4,6,43,37,10,84,652,0,0,0,0,0,0,0,0,0,0,0,0,0,0
1364,0,0,0,0,0,0,0,0,0,0,0,0,0,0,0,0,0,0,0,0,0,0
136,362,145,1365,4,182,22,574,18,1366,1367,143,141,1368,1369,0,0,0,0,0,0,0,0
51,1370,275,1371,169,151,1372,236,1373,23,181,21,0,0,0,0,0,0,0,0,0,0,0
234,1374,4,1375,0,0,0,0,0,0,0,0,0,0,0,0,0,0,0,0,0,0,0
1376,319,149,1377,433,1378,12,1379,653,167,99,0,0,0,0,0,0,0,0,0,0,0,0
1380,0,0,0,0,0,0,0,0,0,0,0,0,0,0,0,0,0,0,0,0,0,0
280,100,114,28,29,432,0,0,0,0,0,0,0,0,0,0,0,0,0,0,0,0,0
117,371,1381,415,1382,647,12,84,41,303,126,0,0,0,0,0,0,0,0,0,0,0,0
1383,153,654,496,135,59,655,25,3,1384,1385,1386,0,0,0,0,0,0,0,0,0,0,0
1387,137,1388,60,1,1389,135,656,0,0,0,0,0,0,0,0,0,0,0,0,0,0,0
1,200,155,657,107,0,0,0,0,0,0,0,0,0,0,0,0,0,0,0,0,0,0
2,1,0,0,0,0,0,0,0,0,0,0,0,0,0,0,0,0,0,0,0,0,0
658,317,19,1390,111,318,544,583,0,0,0,0,0,0,0,0,0,0,0,0,0,0,0
32,213,0,0,0,0,0,0,0,0,0,0,0,0,0,0,0,0,0,0,0,0,0
9,100,0,0,0,0,0,0,0,0,0,0,0,0,0,0,0,0,0,0,0,0,0
125,5,49,361,13,0,0,0,0,0,0,0,0,0,0,0,0,0,0,0,0,0,0
289,463,1391,52,1392,1393,16,0,0,0,0,0,0,0,0,0,0,0,0,0,0,0,0
1394,184,50,12,6,100,0,0,0,0,0,0,0,0,0,0,0,0,0,0,0,0,0
37,204,170,1395,627,17,0,0,0,0,0,0,0,0,0,0,0,0,0,0,0,0,0
16,1396,429,10,1397,12,2,0,0,0,0,0,0,0,0,0,0,0,0,0,0,0,0
408,192,1398,300,659,1399,124,25,13,346,1400,0,0,0,0,0,0,0,0,0,0,0,0
585,223,8,67,43,660,661,1401,458,317,1402,59,1403,72,210,0,0,0,0,0,0,0,0
119,152,114,28,0,0,0,0,0,0,0,0,0,0,0,0,0,0,0,0,0,0,0
546,127,92,433,92,0,0,0,0,0,0,0,0,0,0,0,0,0,0,0,0,0,0
86,422,1404,1405,124,48,22,126,87,0,0,0,0,0,0,0,0,0,0,0,0,0,0
32,54,1406,4,6,115,23,0,0,0,0,0,0,0,0,0,0,0,0,0,0,0,0
35,131,428,187,1407,0,0,0,0,0,0,0,0,0,0,0,0,0,0,0,0,0,0
1408,375,149,256,30,222,0,0,0,0,0,0,0,0,0,0,0,0,0,0,0,0,0
108,0,0,0,0,0,0,0,0,0,0,0,0,0,0,0,0,0,0,0,0,0,0
25,24,0,0,0,0,0,0,0,0,0,0,0,0,0,0,0,0,0,0,0,0,0
30,12,0,0,0,0,0,0,0,0,0,0,0,0,0,0,0,0,0,0,0,0,0
97,4,164,19,494,225,0,0,0,0,0,0,0,0,0,0,0,0,0,0,0,0,0
84,176,320,160,313,0,0,0,0,0,0,0,0,0,0,0,0,0,0,0,0,0,0
359,140,1409,0,0,0,0,0,0,0,0,0,0,0,0,0,0,0,0,0,0,0,0
382,378,516,371,232,0,0,0,0,0,0,0,0,0,0,0,0,0,0,0,0,0,0
254,1410,185,1411,92,62,1412,102,1413,88,0,0,0,0,0,0,0,0,0,0,0,0,0
48,70,1414,1415,0,0,0,0,0,0,0,0,0,0,0,0,0,0,0,0,0,0,0
14,58,49,662,1,483,1416,235,255,0,0,0,0,0,0,0,0,0,0,0,0,0,0
1417,434,1418,143,1419,263,540,0,0,0,0,0,0,0,0,0,0,0,0,0,0,0,0
248,3,1420,314,663,468,0,0,0,0,0,0,0,0,0,0,0,0,0,0,0,0,0
44,17,1,1421,1422,664,89,68,1423,328,1424,0,0,0,0,0,0,0,0,0,0,0,0
1425,319,0,0,0,0,0,0,0,0,0,0,0,0,0,0,0,0,0,0,0,0,0
8,67,64,1426,1427,111,41,1428,9,0,0,0,0,0,0,0,0,0,0,0,0,0,0
77,1429,182,4,1430,166,0,0,0,0,0,0,0,0,0,0,0,0,0,0,0,0,0
245,665,1431,0,0,0,0,0,0,0,0,0,0,0,0,0,0,0,0,0,0,0,0
82,222,1432,319,0,0,0,0,0,0,0,0,0,0,0,0,0,0,0,0,0,0,0
5,469,1433,1434,22,3,399,109,97,248,3,554,99,1435,10,332,0,0,0,0,0,0,0
35,314,1436,0,0,0,0,0,0,0,0,0,0,0,0,0,0,0,0,0,0,0,0
666,1437,1438,0,0,0,0,0,0,0,0,0,0,0,0,0,0,0,0,0,0,0,0
49,326,187,61,0,0,0,0,0,0,0,0,0,0,0,0,0,0,0,0,0,0,0
260,3,1439,398,1440,25,51,0,0,0,0,0,0,0,0,0,0,0,0,0,0,0,0
15,449,71,40,122,36,14,0,0,0,0,0,0,0,0,0,0,0,0,0,0,0,0
60,432,564,28,0,0,0,0,0,0,0,0,0,0,0,0,0,0,0,0,0,0,0
8,14,0,0,0,0,0,0,0,0,0,0,0,0,0,0,0,0,0,0,0,0,0
155,1441,430,181,17,1,0,0,0,0,0,0,0,0,0,0,0,0,0,0,0,0,0
83,667,12,0,0,0,0,0,0,0,0,0,0,0,0,0,0,0,0,0,0,0,0
13,1442,360,330,1443,96,14,0,0,0,0,0,0,0,0,0,0,0,0,0,0,0,0
1444,628,9,1445,1446,0,0,0,0,0,0,0,0,0,0,0,0,0,0,0,0,0,0
88,412,1447,1448,25,1449,16,0,0,0,0,0,0,0,0,0,0,0,0,0,0,0,0
39,165,13,421,0,0,0,0,0,0,0,0,0,0,0,0,0,0,0,0,0,0,0
1,33,158,2,209,45,668,1450,0,0,0,0,0,0,0,0,0,0,0,0,0,0,0
3,80,131,109,0,0,0,0,0,0,0,0,0,0,0,0,0,0,0,0,0,0,0
162,1451,549,1452,0,0,0,0,0,0,0,0,0,0,0,0,0,0,0,0,0,0,0
46,86,163,7,46,457,669,22,1453,316,0,0,0,0,0,0,0,0,0,0,0,0,0
33,1,3,636,670,232,1454,1455,1456,1457,1458,1459,1460,269,0,0,0,0,0,0,0,0,0
248,3,1461,23,0,0,0,0,0,0,0,0,0,0,0,0,0,0,0,0,0,0,0
307,212,127,13,127,82,1462,45,664,1463,1464,340,0,0,0,0,0,0,0,0,0,0,0
285,8,14,0,0,0,0,0,0,0,0,0,0,0,0,0,0,0,0,0,0,0,0
491,0,0,0,0,0,0,0,0,0,0,0,0,0,0,0,0,0,0,0,0,0,0
35,181,671,1465,1466,72,329,0,0,0,0,0,0,0,0,0,0,0,0,0,0,0,0
185,1467,79,223,634,0,0,0,0,0,0,0,0,0,0,0,0,0,0,0,0,0,0
109,246,1468,1469,112,29,397,0,0,0,0,0,0,0,0,0,0,0,0,0,0,0,0
47,1,381,1470,1471,143,0,0,0,0,0,0,0,0,0,0,0,0,0,0,0,0,0
560,267,1472,190,9,1473,183,1474,0,0,0,0,0,0,0,0,0,0,0,0,0,0,0
248,3,312,232,1,1475,1476,0,0,0,0,0,0,0,0,0,0,0,0,0,0,0,0
283,176,1477,221,267,406,13,1478,211,1,65,0,0,0,0,0,0,0,0,0,0,0,0
53,6,0,0,0,0,0,0,0,0,0,0,0,0,0,0,0,0,0,0,0,0,0
128,16,557,92,1479,102,27,0,0,0,0,0,0,0,0,0,0,0,0,0,0,0,0
288,0,0,0,0,0,0,0,0,0,0,0,0,0,0,0,0,0,0,0,0,0,0
1,1480,147,29,1481,0,0,0,0,0,0,0,0,0,0,0,0,0,0,0,0,0,0
1482,90,180,51,1483,105,271,240,11,27,7,20,42,453,0,0,0,0,0,0,0,0,0
311,576,435,1484,436,1485,1486,672,1487,1488,1489,9,673,437,674,0,0,0,0,0,0,0,0
2,1,0,0,0,0,0,0,0,0,0,0,0,0,0,0,0,0,0,0,0,0,0
384,165,129,403,1,149,131,1490,318,1491,1492,1493,0,0,0,0,0,0,0,0,0,0,0
4,188,8,67,672,1494,430,43,673,437,0,0,0,0,0,0,0,0,0,0,0,0,0
1,3,1495,173,43,1496,1497,1,1498,675,0,0,0,0,0,0,0,0,0,0,0,0,0
384,27,44,7,12,6,0,0,0,0,0,0,0,0,0,0,0,0,0,0,0,0,0
93,352,11,196,117,601,1,0,0,0,0,0,0,0,0,0,0,0,0,0,0,0,0
1499,669,57,94,1500,92,1501,34,1,1502,0,0,0,0,0,0,0,0,0,0,0,0,0
244,51,1503,145,1504,404,194,0,0,0,0,0,0,0,0,0,0,0,0,0,0,0,0
19,1505,11,154,1506,1507,1508,110,1509,1510,0,0,0,0,0,0,0,0,0,0,0,0,0
276,30,1511,86,1512,676,302,4,1513,0,0,0,0,0,0,0,0,0,0,0,0,0,0
108,163,25,3,499,0,0,0,0,0,0,0,0,0,0,0,0,0,0,0,0,0,0
617,85,5,31,104,124,0,0,0,0,0,0,0,0,0,0,0,0,0,0,0,0,0
5,2,52,89,90,111,301,159,1514,588,195,656,0,0,0,0,0,0,0,0,0,0,0
245,192,677,1515,7,15,179,162,0,0,0,0,0,0,0,0,0,0,0,0,0,0,0
438,27,114,28,1516,0,0,0,0,0,0,0,0,0,0,0,0,0,0,0,0,0,0
204,205,84,176,415,303,1517,0,0,0,0,0,0,0,0,0,0,0,0,0,0,0,0
126,31,1518,367,170,31,105,50,492,0,0,0,0,0,0,0,0,0,0,0,0,0,0
1519,4,335,97,1520,0,0,0,0,0,0,0,0,0,0,0,0,0,0,0,0,0,0
1521,244,4,0,0,0,0,0,0,0,0,0,0,0,0,0,0,0,0,0,0,0,0
1522,614,615,89,49,1523,674,0,0,0,0,0,0,0,0,0,0,0,0,0,0,0,0
88,1524,0,0,0,0,0,0,0,0,0,0,0,0,0,0,0,0,0,0,0,0,0
2,55,22,0,0,0,0,0,0,0,0,0,0,0,0,0,0,0,0,0,0,0,0
15,103,24,5,0,0,0,0,0,0,0,0,0,0,0,0,0,0,0,0,0,0,0
25,3,13,135,606,4,1525,0,0,0,0,0,0,0,0,0,0,0,0,0,0,0,0
1526,17,22,155,1527,0,0,0,0,0,0,0,0,0,0,0,0,0,0,0,0,0,0
47,1528,37,124,1529,600,0,0,0,0,0,0,0,0,0,0,0,0,0,0,0,0,0
18,166,535,536,321,1,0,0,0,0,0,0,0,0,0,0,0,0,0,0,0,0,0
374,39,29,1530,678,1,0,0,0,0,0,0,0,0,0,0,0,0,0,0,0,0,0
179,309,312,509,0,0,0,0,0,0,0,0,0,0,0,0,0,0,0,0,0,0,0
1531,1532,1533,1,426,220,0,0,0,0,0,0,0,0,0,0,0,0,0,0,0,0,0
86,0,0,0,0,0,0,0,0,0,0,0,0,0,0,0,0,0,0,0,0,0,0
98,40,204,205,8,2,1534,1535,187,1536,1537,1,390,1538,12,16,1539,0,0,0,0,0,0
127,1540,9,1541,1542,110,1543,446,1544,22,0,0,0,0,0,0,0,0,0,0,0,0,0
234,0,0,0,0,0,0,0,0,0,0,0,0,0,0,0,0,0,0,0,0,0,0
256,1545,49,13,0,0,0,0,0,0,0,0,0,0,0,0,0,0,0,0,0,0,0
113,1546,8,50,1547,1548,420,115,1549,40,0,0,0,0,0,0,0,0,0,0,0,0,0
82,1,358,51,1550,1551,52,180,308,85,1552,0,0,0,0,0,0,0,0,0,0,0,0
104,270,1553,1554,183,1,13,0,0,0,0,0,0,0,0,0,0,0,0,0,0,0,0
10,1555,161,13,146,214,507,89,43,1556,84,1557,0,0,0,0,0,0,0,0,0,0,0
1558,518,1559,1560,1561,0,0,0,0,0,0,0,0,0,0,0,0,0,0,0,0,0,0
12,6,21,14,0,0,0,0,0,0,0,0,0,0,0,0,0,0,0,0,0,0,0
27,7,51,0,0,0,0,0,0,0,0,0,0,0,0,0,0,0,0,0,0,0,0
15,1562,0,0,0,0,0,0,0,0,0,0,0,0,0,0,0,0,0,0,0,0,0
173,121,1563,1564,6,1565,112,679,125,680,0,0,0,0,0,0,0,0,0,0,0,0,0
304,0,0,0,0,0,0,0,0,0,0,0,0,0,0,0,0,0,0,0,0,0,0
467,595,15,17,64,413,1566,0,0,0,0,0,0,0,0,0,0,0,0,0,0,0,0
1567,17,76,1568,0,0,0,0,0,0,0,0,0,0,0,0,0,0,0,0,0,0,0
1569,203,1570,97,1,285,113,239,0,0,0,0,0,0,0,0,0,0,0,0,0,0,0
92,655,102,75,1571,251,52,177,38,1572,1573,52,439,268,0,0,0,0,0,0,0,0,0
26,304,294,338,76,11,230,545,1574,4,0,0,0,0,0,0,0,0,0,0,0,0,0
2,5,0,0,0,0,0,0,0,0,0,0,0,0,0,0,0,0,0,0,0,0,0
667,83,0,0,0,0,0,0,0,0,0,0,0,0,0,0,0,0,0,0,0,0,0
48,66,263,160,411,1575,221,0,0,0,0,0,0,0,0,0,0,0,0,0,0,0,0
113,239,1576,18,231,1577,1578,0,0,0,0,0,0,0,0,0,0,0,0,0,0,0,0
29,258,133,55,1579,107,65,0,0,0,0,0,0,0,0,0,0,0,0,0,0,0,0
55,1580,4,0,0,0,0,0,0,0,0,0,0,0,0,0,0,0,0,0,0,0,0
21,12,9,81,1581,1582,0,0,0,0,0,0,0,0,0,0,0,0,0,0,0,0,0
2,44,0,0,0,0,0,0,0,0,0,0,0,0,0,0,0,0,0,0,0,0,0
103,24,19,0,0,0,0,0,0,0,0,0,0,0,0,0,0,0,0,0,0,0,0
610,0,0,0,0,0,0,0,0,0,0,0,0,0,0,0,0,0,0,0,0,0,0
2,305,0,0,0,0,0,0,0,0,0,0,0,0,0,0,0,0,0,0,0,0,0
1,74,154,231,10,1583,644,436,84,399,223,0,0,0,0,0,0,0,0,0,0,0,0
1584,58,71,0,0,0,0,0,0,0,0,0,0,0,0,0,0,0,0,0,0,0,0
47,519,25,80,44,7,86,41,629,58,1585,110,0,0,0,0,0,0,0,0,0,0,0
317,438,1586,313,641,39,240,1,118,218,1587,1588,0,0,0,0,0,0,0,0,0,0,0
133,0,0,0,0,0,0,0,0,0,0,0,0,0,0,0,0,0,0,0,0,0,0
3,93,15,195,1589,235,0,0,0,0,0,0,0,0,0,0,0,0,0,0,0,0,0
671,1590,1591,1592,680,22,48,0,0,0,0,0,0,0,0,0,0,0,0,0,0,0,0
17,31,215,440,0,0,0,0,0,0,0,0,0,0,0,0,0,0,0,0,0,0,0
161,13,18,0,0,0,0,0,0,0,0,0,0,0,0,0,0,0,0,0,0,0,0
10,2,279,1593,1594,236,1595,196,13,1596,1597,1598,236,1599,418,0,0,0,0,0,0,0,0
248,3,13,19,561,1600,0,0,0,0,0,0,0,0,0,0,0,0,0,0,0,0,0
304,0,0,0,0,0,0,0,0,0,0,0,0,0,0,0,0,0,0,0,0,0,0
31,246,15,274,240,0,0,0,0,0,0,0,0,0,0,0,0,0,0,0,0,0,0
2,1,0,0,0,0,0,0,0,0,0,0,0,0,0,0,0,0,0,0,0,0,0
47,9,1601,116,32,54,71,0,0,0,0,0,0,0,0,0,0,0,0,0,0,0,0
151,662,67,1602,1603,36,0,0,0,0,0,0,0,0,0,0,0,0,0,0,0,0,0
1604,1605,0,0,0,0,0,0,0,0,0,0,0,0,0,0,0,0,0,0,0,0,0
1606,623,431,431,0,0,0,0,0,0,0,0,0,0,0,0,0,0,0,0,0,0,0
4,6,273,50,47,47,1607,144,1608,681,319,94,167,25,3,79,0,0,0,0,0,0,0
645,394,0,0,0,0,0,0,0,0,0,0,0,0,0,0,0,0,0,0,0,0,0
126,1609,182,166,1610,1611,146,231,59,654,3,2,0,0,0,0,0,0,0,0,0,0,0
4,8,67,0,0,0,0,0,0,0,0,0,0,0,0,0,0,0,0,0,0,0,0
23,2,305,0,0,0,0,0,0,0,0,0,0,0,0,0,0,0,0,0,0,0,0
2,23,0,0,0,0,0,0,0,0,0,0,0,0,0,0,0,0,0,0,0,0,0
1612,147,152,0,0,0,0,0,0,0,0,0,0,0,0,0,0,0,0,0,0,0,0
1613,10,1614,341,281,35,0,0,0,0,0,0,0,0,0,0,0,0,0,0,0,0,0
17,0,0,0,0,0,0,0,0,0,0,0,0,0,0,0,0,0,0,0,0,0,0
48,385,1615,4,305,1616,402,1,1617,189,0,0,0,0,0,0,0,0,0,0,0,0,0
55,7,21,0,0,0,0,0,0,0,0,0,0,0,0,0,0,0,0,0,0,0,0
31,1618,293,0,0,0,0,0,0,0,0,0,0,0,0,0,0,0,0,0,0,0,0
106,297,1,17,14,682,4,55,224,1619,603,683,251,1620,0,0,0,0,0,0,0,0,0
1621,373,98,227,0,0,0,0,0,0,0,0,0,0,0,0,0,0,0,0,0,0,0
310,8,31,46,0,0,0,0,0,0,0,0,0,0,0,0,0,0,0,0,0,0,0
9,1622,156,78,0,0,0,0,0,0,0,0,0,0,0,0,0,0,0,0,0,0,0
128,635,86,162,14,0,0,0,0,0,0,0,0,0,0,0,0,0,0,0,0,0,0
9,81,0,0,0,0,0,0,0,0,0,0,0,0,0,0,0,0,0,0,0,0,0
1623,1624,229,26,234,0,0,0,0,0,0,0,0,0,0,0,0,0,0,0,0,0,0
5,587,620,0,0,0,0,0,0,0,0,0,0,0,0,0,0,0,0,0,0,0,0
146,174,106,107,613,3,0,0,0,0,0,0,0,0,0,0,0,0,0,0,0,0,0
3,214,0,0,0,0,0,0,0,0,0,0,0,0,0,0,0,0,0,0,0,0,0
15,24,0,0,0,0,0,0,0,0,0,0,0,0,0,0,0,0,0,0,0,0,0
352,1625,0,0,0,0,0,0,0,0,0,0,0,0,0,0,0,0,0,0,0,0,0
315,1,82,30,230,109,1626,488,668,252,14,0,0,0,0,0,0,0,0,0,0,0,0
306,61,1,316,11,0,0,0,0,0,0,0,0,0,0,0,0,0,0,0,0,0,0
238,363,41,41,663,11,20,637,1627,0,0,0,0,0,0,0,0,0,0,0,0,0,0
1628,13,291,0,0,0,0,0,0,0,0,0,0,0,0,0,0,0,0,0,0,0,0
208,22,33,646,0,0,0,0,0,0,0,0,0,0,0,0,0,0,0,0,0,0,0
4,1629,0,0,0,0,0,0,0,0,0,0,0,0,0,0,0,0,0,0,0,0,0
4,19,0,0,0,0,0,0,0,0,0,0,0,0,0,0,0,0,0,0,0,0,0
3,17,0,0,0,0,0,0,0,0,0,0,0,0,0,0,0,0,0,0,0,0,0
26,4,5,0,0,0,0,0,0,0,0,0,0,0,0,0,0,0,0,0,0,0,0
311,17,0,0,0,0,0,0,0,0,0,0,0,0,0,0,0,0,0,0,0,0,0
192,124,170,57,105,13,0,0,0,0,0,0,0,0,0,0,0,0,0,0,0,0,0
351,39,0,0,0,0,0,0,0,0,0,0,0,0,0,0,0,0,0,0,0,0,0
1630,1631,9,597,0,0,0,0,0,0,0,0,0,0,0,0,0,0,0,0,0,0,0
136,16,1632,649,249,11,202,380,11,0,0,0,0,0,0,0,0,0,0,0,0,0,0
68,424,1,307,112,410,172,62,1633,580,1634,0,0,0,0,0,0,0,0,0,0,0,0
133,133,679,0,0,0,0,0,0,0,0,0,0,0,0,0,0,0,0,0,0,0,0
3,18,155,290,0,0,0,0,0,0,0,0,0,0,0,0,0,0,0,0,0,0,0
1635,1636,1637,401,684,167,1638,206,1639,0,0,0,0,0,0,0,0,0,0,0,0,0,0
47,155,61,1,215,299,1640,0,0,0,0,0,0,0,0,0,0,0,0,0,0,0,0
15,158,78,1641,60,114,28,388,116,0,0,0,0,0,0,0,0,0,0,0,0,0,0
234,70,1642,0,0,0,0,0,0,0,0,0,0,0,0,0,0,0,0,0,0,0,0
100,50,43,670,1643,0,0,0,0,0,0,0,0,0,0,0,0,0,0,0,0,0,0
5,152,143,69,193,685,66,31,1644,1645,13,0,0,0,0,0,0,0,0,0,0,0,0
10,686,0,0,0,0,0,0,0,0,0,0,0,0,0,0,0,0,0,0,0,0,0
179,309,413,0,0,0,0,0,0,0,0,0,0,0,0,0,0,0,0,0,0,0,0
51,1646,0,0,0,0,0,0,0,0,0,0,0,0,0,0,0,0,0,0,0,0,0
291,28,438,0,0,0,0,0,0,0,0,0,0,0,0,0,0,0,0,0,0,0,0
4,69,23,0,0,0,0,0,0,0,0,0,0,0,0,0,0,0,0,0,0,0,0
47,57,573,66,0,0,0,0,0,0,0,0,0,0,0,0,0,0,0,0,0,0,0
97,30,0,0,0,0,0,0,0,0,0,0,0,0,0,0,0,0,0,0,0,0,0
21,279,237,648,1,10,1647,0,0,0,0,0,0,0,0,0,0,0,0,0,0,0,0
1648,10,652,3,65,0,0,0,0,0,0,0,0,0,0,0,0,0,0,0,0,0,0
1649,470,226,127,1650,16,437,0,0,0,0,0,0,0,0,0,0,0,0,0,0,0,0
46,675,0,0,0,0,0,0,0,0,0,0,0,0,0,0,0,0,0,0,0,0,0
17,0,0,0,0,0,0,0,0,0,0,0,0,0,0,0,0,0,0,0,0,0,0
53,1651,0,0,0,0,0,0,0,0,0,0,0,0,0,0,0,0,0,0,0,0,0
8,0,0,0,0,0,0,0,0,0,0,0,0,0,0,0,0,0,0,0,0,0,0
158,164,9,369,657,579,1652,1653,217,1654,0,0,0,0,0,0,0,0,0,0,0,0,0
100,5,56,38,0,0,0,0,0,0,0,0,0,0,0,0,0,0,0,0,0,0,0
117,22,295,0,0,0,0,0,0,0,0,0,0,0,0,0,0,0,0,0,0,0,0
56,38,0,0,0,0,0,0,0,0,0,0,0,0,0,0,0,0,0,0,0,0,0
63,36,18,219,0,0,0,0,0,0,0,0,0,0,0,0,0,0,0,0,0,0,0
215,63,4,0,0,0,0,0,0,0,0,0,0,0,0,0,0,0,0,0,0,0,0
19,27,223,661,209,687,85,1655,45,684,209,687,1,0,0,0,0,0,0,0,0,0,0
15,24,40,0,0,0,0,0,0,0,0,0,0,0,0,0,0,0,0,0,0,0,0
10,343,7,1656,12,4,77,4,419,1657,0,0,0,0,0,0,0,0,0,0,0,0,0
30,19,203,4,228,0,0,0,0,0,0,0,0,0,0,0,0,0,0,0,0,0,0
40,171,1658,0,0,0,0,0,0,0,0,0,0,0,0,0,0,0,0,0,0,0,0
26,4,50,63,393,27,362,7,42,0,0,0,0,0,0,0,0,0,0,0,0,0,0
8,67,0,0,0,0,0,0,0,0,0,0,0,0,0,0,0,0,0,0,0,0,0
171,7,4,22,54,0,0,0,0,0,0,0,0,0,0,0,0,0,0,0,0,0,0
213,1659,25,313,14,1660,1661,421,520,403,0,0,0,0,0,0,0,0,0,0,0,0,0
1662,11,33,485,0,0,0,0,0,0,0,0,0,0,0,0,0,0,0,0,0,0,0
4,6,0,0,0,0,0,0,0,0,0,0,0,0,0,0,0,0,0,0,0,0,0
63,62,71,20,58,116,0,0,0,0,0,0,0,0,0,0,0,0,0,0,0,0,0
21,1663,7,0,0,0,0,0,0,0,0,0,0,0,0,0,0,0,0,0,0,0,0
21,0,0,0,0,0,0,0,0,0,0,0,0,0,0,0,0,0,0,0,0,0,0
17,632,489,439,1664,0,0,0,0,0,0,0,0,0,0,0,0,0,0,0,0,0,0
265,147,559,642,235,1665,435,688,0,0,0,0,0,0,0,0,0,0,0,0,0,0,0
1666,251,52,240,332,113,1667,427,0,0,0,0,0,0,0,0,0,0,0,0,0,0,0
342,77,0,0,0,0,0,0,0,0,0,0,0,0,0,0,0,0,0,0,0,0,0
4,70,91,278,129,162,0,0,0,0,0,0,0,0,0,0,0,0,0,0,0,0,0
596,39,0,0,0,0,0,0,0,0,0,0,0,0,0,0,0,0,0,0,0,0,0
434,435,25,405,63,0,0,0,0,0,0,0,0,0,0,0,0,0,0,0,0,0,0
1668,9,247,643,72,416,0,0,0,0,0,0,0,0,0,0,0,0,0,0,0,0,0
3,165,255,160,1669,16,1670,1671,0,0,0,0,0,0,0,0,0,0,0,0,0,0,0
27,7,42,0,0,0,0,0,0,0,0,0,0,0,0,0,0,0,0,0,0,0,0
3,1672,450,3,206,194,268,0,0,0,0,0,0,0,0,0,0,0,0,0,0,0,0
1673,139,294,338,1674,1675,247,61,323,689,13,0,0,0,0,0,0,0,0,0,0,0,0
426,115,6,690,539,665,12,113,0,0,0,0,0,0,0,0,0,0,0,0,0,0,0
91,278,183,192,677,366,532,0,0,0,0,0,0,0,0,0,0,0,0,0,0,0,0
21,5,23,0,0,0,0,0,0,0,0,0,0,0,0,0,0,0,0,0,0,0,0
60,55,0,0,0,0,0,0,0,0,0,0,0,0,0,0,0,0,0,0,0,0,0
5,210,6,666,184,0,0,0,0,0,0,0,0,0,0,0,0,0,0,0,0,0,0
156,46,16,0,0,0,0,0,0,0,0,0,0,0,0,0,0,0,0,0,0,0,0
2,1,0,0,0,0,0,0,0,0,0,0,0,0,0,0,0,0,0,0,0,0,0
3,39,5,691,0,0,0,0,0,0,0,0,0,0,0,0,0,0,0,0,0,0,0
108,5,1676,0,0,0,0,0,0,0,0,0,0,0,0,0,0,0,0,0,0,0,0
434,57,1677,49,639,633,233,221,191,690,68,130,571,229,0,0,0,0,0,0,0,0,0
1678,1679,48,562,692,233,226,322,0,0,0,0,0,0,0,0,0,0,0,0,0,0,0
100,1,1680,0,0,0,0,0,0,0,0,0,0,0,0,0,0,0,0,0,0,0,0
1681,123,658,175,0,0,0,0,0,0,0,0,0,0,0,0,0,0,0,0,0,0,0
35,284,13,11,7,1682,61,0,0,0,0,0,0,0,0,0,0,0,0,0,0,0,0
65,16,1683,58,296,1684,440,249,0,0,0,0,0,0,0,0,0,0,0,0,0,0,0
542,4,157,116,164,89,131,0,0,0,0,0,0,0,0,0,0,0,0,0,0,0,0
436,1685,19,1686,6,14,288,556,487,1687,1688,1689,5,0,0,0,0,0,0,0,0,0,0
589,0,0,0,0,0,0,0,0,0,0,0,0,0,0,0,0,0,0,0,0,0,0
79,32,570,43,551,3,45,177,10,1690,1691,0,0,0,0,0,0,0,0,0,0,0,0
293,586,205,84,486,1692,0,0,0,0,0,0,0,0,0,0,0,0,0,0,0,0,0
4,1693,187,0,0,0,0,0,0,0,0,0,0,0,0,0,0,0,0,0,0,0,0
47,379,1694,1695,38,0,0,0,0,0,0,0,0,0,0,0,0,0,0,0,0,0,0
244,1696,89,441,441,441,12,686,174,367,0,0,0,0,0,0,0,0,0,0,0,0,0
25,3,602,0,0,0,0,0,0,0,0,0,0,0,0,0,0,0,0,0,0,0,0
1,681,693,2,693,211,10,1,364,1697,1698,25,3,611,1699,315,0,0,0,0,0,0,0
158,9,1,177,132,682,1700,0,0,0,0,0,0,0,0,0,0,0,0,0,0,0,0
1701,1702,1703,659,132,257,1704,69,1705,440,678,424,0,0,0,0,0,0,0,0,0,0,0
1706,1707,1708,1709,0,0,0,0,0,0,0,0,0,0,0,0,0,0,0,0,0,0,0
8,0,0,0,0,0,0,0,0,0,0,0,0,0,0,0,0,0,0,0,0,0,0
1710,1711,73,134,0,0,0,0,0,0,0,0,0,0,0,0,0,0,0,0,0,0,0
84,41,243,239,246,0,0,0,0,0,0,0,0,0,0,0,0,0,0,0,0,0,0
33,34,65,0,0,0,0,0,0,0,0,0,0,0,0,0,0,0,0,0,0,0,0
54,63,0,0,0,0,0,0,0,0,0,0,0,0,0,0,0,0,0,0,0,0,0
109,1,0,0,0,0,0,0,0,0,0,0,0,0,0,0,0,0,0,0,0,0,0
8,4,0,0,0,0,0,0,0,0,0,0,0,0,0,0,0,0,0,0,0,0,0
64,408,74,130,6,44,7,76,0,0,0,0,0,0,0,0,0,0,0,0,0,0,0
1712,247,1,45,170,233,683,57,0,0,0,0,0,0,0,0,0,0,0,0,0,0,0
2,15,26,24,0,0,0,0,0,0,0,0,0,0,0,0,0,0,0,0,0,0,0
89,301,238,44,32,605,0,0,0,0,0,0,0,0,0,0,0,0,0,0,0,0,0
315,98,96,152,0,0,0,0,0,0,0,0,0,0,0,0,0,0,0,0,0,0,0
122,74,0,0,0,0,0,0,0,0,0,0,0,0,0,0,0,0,0,0,0,0,0
326,168,62,42,1713,0,0,0,0,0,0,0,0,0,0,0,0,0,0,0,0,0,0
52,394,296,1714,0,0,0,0,0,0,0,0,0,0,0,0,0,0,0,0,0,0,0
66,439,591,1715,1,0,0,0,0,0,0,0,0,0,0,0,0,0,0,0,0,0,0
29,318,221,1716,99,29,676,102,0,0,0,0,0,0,0,0,0,0,0,0,0,0,0
136,154,1717,191,29,1718,1719,1720,112,140,172,25,3,1721,257,68,0,0,0,0,0,0,0
263,625,181,1722,455,1,198,0,0,0,0,0,0,0,0,0,0,0,0,0,0,0,0
7,1723,1724,54,71,0,0,0,0,0,0,0,0,0,0,0,0,0,0,0,0,0,0
510,44,7,379,0,0,0,0,0,0,0,0,0,0,0,0,0,0,0,0,0,0,0
18,1725,1726,1727,16,308,688,0,0,0,0,0,0,0,0,0,0,0,0,0,0,0,0
111,1728,1729,4,1,0,0,0,0,0,0,0,0,0,0,0,0,0,0,0,0,0,0
126,1730,417,575,8,67,0,0,0,0,0,0,0,0,0,0,0,0,0,0,0,0,0
250,640,77,156,115,0,0,0,0,0,0,0,0,0,0,0,0,0,0,0,0,0,0
32,607,0,0,0,0,0,0,0,0,0,0,0,0,0,0,0,0,0,0,0,0,0
527,247,417,1731,0,0,0,0,0,0,0,0,0,0,0,0,0,0,0,0,0,0,0
49,198,43,77,1732,156,1733,0,0,0,0,0,0,0,0,0,0,0,0,0,0,0,0
1734,154,1735,47,1736,292,0,0,0,0,0,0,0,0,0,0,0,0,0,0,0,0,0
1737,49,599,13,83,12,0,0,0,0,0,0,0,0,0,0,0,0,0,0,0,0,0
30,276,0,0,0,0,0,0,0,0,0,0,0,0,0,0,0,0,0,0,0,0,0
71,201,19,0,0,0,0,0,0,0,0,0,0,0,0,0,0,0,0,0,0,0,0
1738,13,0,0,0,0,0,0,0,0,0,0,0,0,0,0,0,0,0,0,0,0,0
84,95,153,0,0,0,0,0,0,0,0,0,0,0,0,0,0,0,0,0,0,0,0
1739,0,0,0,0,0,0,0,0,0,0,0,0,0,0,0,0,0,0,0,0,0,0
3,66,0,0,0,0,0,0,0,0,0,0,0,0,0,0,0,0,0,0,0,0,0
1,29,1740,98,47,1741,139,694,0,0,0,0,0,0,0,0,0,0,0,0,0,0,0
123,129,0,0,0,0,0,0,0,0,0,0,0,0,0,0,0,0,0,0,0,0,0
604,1742,598,89,139,694,0,0,0,0,0,0,0,0,0,0,0,0,0,0,0,0,0
35,50,2,1743,0,0,0,0,0,0,0,0,0,0,0,0,0,0,0,0,0,0,0
26,18,5,64,1744,1745,16,73,250,0,0,0,0,0,0,0,0,0,0,0,0,0,0
136,1746,433,475,1747,619,123,0,0,0,0,0,0,0,0,0,0,0,0,0,0,0,0
618,390,1748,1749,32,96,54,353,0,0,0,0,0,0,0,0,0,0,0,0,0,0,0
101,23,246,0,0,0,0,0,0,0,0,0,0,0,0,0,0,0,0,0,0,0,0
33,89,301,195,0,0,0,0,0,0,0,0,0,0,0,0,0,0,0,0,0,0,0
13,5,1750,1751,1752,111,210,1753,1754,1755,8,2,0,0,0,0,0,0,0,0,0,0,0
10,96,49,0,0,0,0,0,0,0,0,0,0,0,0,0,0,0,0,0,0,0,0
80,68,1756,1757,0,0,0,0,0,0,0,0,0,0,0,0,0,0,0,0,0,0,0
136,1758,1759,22,1,3,1760,18,689,1,0,0,0,0,0,0,0,0,0,0,0,0,0
345,1761,324,0,0,0,0,0,0,0,0,0,0,0,0,0,0,0,0,0,0,0,0
153,66,1762,1763,59,420,423,132,0,0,0,0,0,0,0,0,0,0,0,0,0,0,0
32,407,227,423,0,0,0,0,0,0,0,0,0,0,0,0,0,0,0,0,0,0,0
402,169,1764,70,36,0,0,0,0,0,0,0,0,0,0,0,0,0,0,0,0,0,0
21,5,0,0,0,0,0,0,0,0,0,0,0,0,0,0,0,0,0,0,0,0,0
366,73,592,249,0,0,0,0,0,0,0,0,0,0,0,0,0,0,0,0,0,0,0
1765,5,0,0,0,0,0,0,0,0,0,0,0,0,0,0,0,0,0,0,0,0,0
1,660,243,108,691,10,616,1,0,0,0,0,0,0,0,0,0,0,0,0,0,0,0
27,37,1766,391,327,0,0,0,0,0,0,0,0,0,0,0,0,0,0,0,0,0,0
1767,1,0,0,0,0,0,0,0,0,0,0,0,0,0,0,0,0,0,0,0,0,0
593,37,265,17,67,0,0,0,0,0,0,0,0,0,0,0,0,0,0,0,0,0,0
91,1768,16,1769,45,163,51,12,41,1770,16,1771,0,0,0,0,0,0,0,0,0,0,0
69,77,0,0,0,0,0,0,0,0,0,0,0,0,0,0,0,0,0,0,0,0,0
653,65,98,1772,0,0,0,0,0,0,0,0,0,0,0,0,0,0,0,0,0,0,0
25,158,31,1773,22,6,53,0,0,0,0,0,0,0,0,0,0,0,0,0,0,0,0
3,56,38,0,0,0,0,0,0,0,0,0,0,0,0,0,0,0,0,0,0,0,0
160,48,1774,624,5,0,0,0,0,0,0,0,0,0,0,0,0,0,0,0,0,0,0
1775,1776,69,193,685,0,0,0,0,0,0,0,0,0,0,0,0,0,0,0,0,0,0
84,1777,1,1778,27,287,0,0,0,0,0,0,0,0,0,0,0,0,0,0,0,0,0
33,158,209,19,1779,1780,0,0,0,0,0,0,0,0,0,0,0,0,0,0,0,0,0
1,1781,249,0,0,0,0,0,0,0,0,0,0,0,0,0,0,0,0,0,0,0,0
3,17,94,79,119,0,0,0,0,0,0,0,0,0,0,0,0,0,0,0,0,0,0
1782,1783,229,26,1784,13,0,0,0,0,0,0,0,0,0,0,0,0,0,0,0,0,0
32,26,95,37,3,17,0,0,0,0,0,0,0,0,0,0,0,0,0,0,0,0,0
1785,16,0,0,0,0,0,0,0,0,0,0,0,0,0,0,0,0,0,0,0,0,0
1786,11,316,1787,0,0,0,0,0,0,0,0,0,0,0,0,0,0,0,0,0,0,0
95,0,0,0,0,0,0,0,0,0,0,0,0,0,0,0,0,0,0,0,0,0,0
218,1788,173,0,0,0,0,0,0,0,0,0,0,0,0,0,0,0,0,0,0,0,0
112,29,1789,249,1790,16,302,0,0,0,0,0,0,0,0,0,0,0,0,0,0,0,0
73,134,50,692,68,1,0,0,0,0,0,0,0,0,0,0,0,0,0,0,0,0,0
40,354,164,0,0,0,0,0,0,0,0,0,0,0,0,0,0,0,0,0,0,0,0
70,1791,1792,651,1793,1794,0,0,0,0,0,0,0,0,0,0,0,0,0,0,0,0,0
1795,68,135,122,36,0,0,0,0,0,0,0,0,0,0,0,0,0,0,0,0,0,0
